antecedent,consequent,support,confidence,lift
"('CAUSE.CATEGORY=severe weather',)","('CUSTOMERS.AFFECTED_level=Medium',)",0.2667,0.8,1.1429
"('CAUSE.CATEGORY=severe weather',)","('has_active_fire',)",0.3,0.9,0.9793
"('is_high_fire_activity',)","('fires_30day_level=High',)",0.319,0.7053,2.057
"('fires_30day_level=High',)","('is_high_fire_activity',)",0.319,0.9306,2.057
"('fires_30day_level=High',)","('acres_30day_level=High',)",0.2524,0.7361,2.2083
"('acres_30day_level=High',)","('fires_30day_level=High',)",0.2524,0.7571,2.2083
"('fires_30day_level=High',)","('acres_7day_level=High',)",0.2381,0.6944,2.0833
"('acres_7day_level=High',)","('fires_30day_level=High',)",0.2381,0.7143,2.0833
"('fires_30day_level=High',)","('max_frp_level=High',)",0.2095,0.6111,1.8333
"('max_frp_level=High',)","('fires_30day_level=High',)",0.2095,0.6286,1.8333
"('fires_30day_level=High',)","('CUSTOMERS.AFFECTED_level=Medium',)",0.2524,0.7361,1.0516
"('fires_30day_level=High',)","('is_wildfire_season',)",0.3333,0.9722,1.9822
"('is_wildfire_season',)","('fires_30day_level=High',)",0.3333,0.6796,1.9822
"('fires_30day_level=High',)","('fires_7day_level=High',)",0.2857,0.8333,2.5
"('fires_7day_level=High',)","('fires_30day_level=High',)",0.2857,0.8571,2.5
"('fires_30day_level=High',)","('has_active_fire',)",0.3429,1.0,1.0881
"('acres_30day_level=High',)","('is_high_fire_activity',)",0.2619,0.7857,1.7368
"('acres_7day_level=High',)","('is_high_fire_activity',)",0.2667,0.8,1.7684
"('max_frp_level=High',)","('is_high_fire_activity',)",0.2524,0.7571,1.6737
"('is_high_fire_activity',)","('CUSTOMERS.AFFECTED_level=Medium',)",0.3048,0.6737,0.9624
"('is_high_fire_activity',)","('is_wildfire_season',)",0.3619,0.8,1.6311
"('is_wildfire_season',)","('is_high_fire_activity',)",0.3619,0.7379,1.6311
"('is_high_fire_activity',)","('fires_7day_level=High',)",0.3238,0.7158,2.1474
"('fires_7day_level=High',)","('is_high_fire_activity',)",0.3238,0.9714,2.1474
"('is_high_fire_activity',)","('has_active_fire',)",0.4524,1.0,1.0881
"('DEMAND.LOSS.MW_level=Medium',)","('is_high_fire_activity',)",0.2095,0.6197,1.3699
"('season=Fall',)","('CUSTOMERS.AFFECTED_level=Medium',)",0.1476,0.7209,1.0299
"('season=Fall',)","('is_wildfire_season',)",0.2048,1.0,2.0388
"('season=Fall',)","('has_active_fire',)",0.1952,0.9535,1.0375
"('acres_30day_level=High',)","('acres_7day_level=High',)",0.2524,0.7571,2.2714
"('acres_7day_level=High',)","('acres_30day_level=High',)",0.2524,0.7571,2.2714
"('acres_30day_level=High',)","('max_frp_level=High',)",0.219,0.6571,1.9714
"('max_frp_level=High',)","('acres_30day_level=High',)",0.219,0.6571,1.9714
"('acres_30day_level=High',)","('CUSTOMERS.AFFECTED_level=Medium',)",0.2667,0.8,1.1429
"('is_wildfire_season',)","('acres_30day_level=High',)",0.3,0.6117,1.835
"('acres_30day_level=High',)","('is_wildfire_season',)",0.3,0.9,1.835
"('acres_30day_level=High',)","('fires_7day_level=High',)",0.2333,0.7,2.1
"('fires_7day_level=High',)","('acres_30day_level=High',)",0.2333,0.7,2.1
"('acres_30day_level=High',)","('has_active_fire',)",0.3333,1.0,1.0881
"('OUTAGE.DURATION_level=Medium',)","('CUSTOMERS.AFFECTED_level=Medium',)",0.2476,0.7429,1.0612
"('OUTAGE.DURATION_level=Medium',)","('has_active_fire',)",0.3048,0.9143,0.9948
"('acres_7day_level=High',)","('max_frp_level=High',)",0.2333,0.7,2.1
"('max_frp_level=High',)","('acres_7day_level=High',)",0.2333,0.7,2.1
"('acres_7day_level=High',)","('CUSTOMERS.AFFECTED_level=Medium',)",0.2524,0.7571,1.0816
"('acres_7day_level=High',)","('is_wildfire_season',)",0.2667,0.8,1.6311
"('fires_7day_level=High',)","('acres_7day_level=High',)",0.2333,0.7,2.1
"('acres_7day_level=High',)","('fires_7day_level=High',)",0.2333,0.7,2.1
"('acres_7day_level=High',)","('has_active_fire',)",0.3333,1.0,1.0881
"('max_frp_level=High',)","('CUSTOMERS.AFFECTED_level=Medium',)",0.2571,0.7714,1.102
"('max_frp_level=High',)","('is_wildfire_season',)",0.2571,0.7714,1.5728
"('fires_7day_level=High',)","('max_frp_level=High',)",0.2048,0.6143,1.8429
"('max_frp_level=High',)","('fires_7day_level=High',)",0.2048,0.6143,1.8429
"('max_frp_level=High',)","('has_active_fire',)",0.3333,1.0,1.0881
"('is_wildfire_season',)","('CUSTOMERS.AFFECTED_level=Medium',)",0.3286,0.6699,0.957
"('fires_7day_level=High',)","('CUSTOMERS.AFFECTED_level=Medium',)",0.2238,0.6714,0.9592
"('CUSTOMERS.AFFECTED_level=Medium',)","('has_active_fire',)",0.6619,0.9456,1.0289
"('has_active_fire',)","('CUSTOMERS.AFFECTED_level=Medium',)",0.6619,0.7202,1.0289
"('DEMAND.LOSS.MW_level=Medium',)","('CUSTOMERS.AFFECTED_level=Medium',)",0.2905,0.8592,1.2274
"('is_wildfire_season',)","('fires_7day_level=High',)",0.2952,0.6019,1.8058
"('fires_7day_level=High',)","('is_wildfire_season',)",0.2952,0.8857,1.8058
"('is_wildfire_season',)","('has_active_fire',)",0.481,0.9806,1.067
"('fires_7day_level=High',)","('has_active_fire',)",0.3333,1.0,1.0881
"('DEMAND.LOSS.MW_level=Medium',)","('has_active_fire',)",0.3381,1.0,1.0881
"('CAUSE.CATEGORY=severe weather', 'is_high_fire_activity')","('has_active_fire',)",0.1524,1.0,1.0881
"('CAUSE.CATEGORY=severe weather', 'acres_7day_level=High')","('has_active_fire',)",0.1476,1.0,1.0881
"('CAUSE.CATEGORY=severe weather',)","('CUSTOMERS.AFFECTED_level=Medium', 'has_active_fire')",0.2429,0.7286,1.1007
"('CAUSE.CATEGORY=severe weather', 'has_active_fire')","('CUSTOMERS.AFFECTED_level=Medium',)",0.2429,0.8095,1.1565
"('CAUSE.CATEGORY=severe weather', 'CUSTOMERS.AFFECTED_level=Medium')","('has_active_fire',)",0.2429,0.9107,0.9909
"('CAUSE.CATEGORY=severe weather', 'is_wildfire_season')","('has_active_fire',)",0.1524,0.9697,1.0551
"('fires_30day_level=High',)","('acres_30day_level=High', 'is_high_fire_activity')",0.2381,0.6944,2.6515
"('acres_30day_level=High',)","('fires_30day_level=High', 'is_high_fire_activity')",0.2381,0.7143,2.2388
"('fires_30day_level=High', 'is_high_fire_activity')","('acres_30day_level=High',)",0.2381,0.7463,2.2388
"('acres_30day_level=High', 'is_high_fire_activity')","('fires_30day_level=High',)",0.2381,0.9091,2.6515
"('acres_30day_level=High', 'fires_30day_level=High')","('is_high_fire_activity',)",0.2381,0.9434,2.0854
"('fires_30day_level=High',)","('acres_7day_level=High', 'is_high_fire_activity')",0.2286,0.6667,2.5
"('acres_7day_level=High',)","('fires_30day_level=High', 'is_high_fire_activity')",0.2286,0.6857,2.1493
"('fires_30day_level=High', 'is_high_fire_activity')","('acres_7day_level=High',)",0.2286,0.7164,2.1493
"('acres_7day_level=High', 'is_high_fire_activity')","('fires_30day_level=High',)",0.2286,0.8571,2.5
"('acres_7day_level=High', 'fires_30day_level=High')","('is_high_fire_activity',)",0.2286,0.96,2.1221
"('fires_30day_level=High', 'is_high_fire_activity')","('max_frp_level=High',)",0.1952,0.6119,1.8358
"('is_high_fire_activity', 'max_frp_level=High')","('fires_30day_level=High',)",0.1952,0.7736,2.2563
"('fires_30day_level=High', 'max_frp_level=High')","('is_high_fire_activity',)",0.1952,0.9318,2.0598
"('fires_30day_level=High',)","('CUSTOMERS.AFFECTED_level=Medium', 'is_high_fire_activity')",0.2286,0.6667,2.1875
"('fires_30day_level=High', 'is_high_fire_activity')","('CUSTOMERS.AFFECTED_level=Medium',)",0.2286,0.7164,1.0235
"('CUSTOMERS.AFFECTED_level=Medium', 'is_high_fire_activity')","('fires_30day_level=High',)",0.2286,0.75,2.1875
"('CUSTOMERS.AFFECTED_level=Medium', 'fires_30day_level=High')","('is_high_fire_activity',)",0.2286,0.9057,2.002
"('is_high_fire_activity',)","('fires_30day_level=High', 'is_wildfire_season')",0.3095,0.6842,2.0526
"('fires_30day_level=High',)","('is_high_fire_activity', 'is_wildfire_season')",0.3095,0.9028,2.4945
"('is_wildfire_season',)","('fires_30day_level=High', 'is_high_fire_activity')",0.3095,0.6311,1.978
"('fires_30day_level=High', 'is_high_fire_activity')","('is_wildfire_season',)",0.3095,0.9701,1.978
"('is_high_fire_activity', 'is_wildfire_season')","('fires_30day_level=High',)",0.3095,0.8553,2.4945
"('fires_30day_level=High', 'is_wildfire_season')","('is_high_fire_activity',)",0.3095,0.9286,2.0526
"('is_high_fire_activity',)","('fires_30day_level=High', 'fires_7day_level=High')",0.2857,0.6316,2.2105
"('fires_30day_level=High',)","('fires_7day_level=High', 'is_high_fire_activity')",0.2857,0.8333,2.5735
"('fires_7day_level=High',)","('fires_30day_level=High', 'is_high_fire_activity')",0.2857,0.8571,2.6866
"('fires_30day_level=High', 'is_high_fire_activity')","('fires_7day_level=High',)",0.2857,0.8955,2.6866
"('fires_7day_level=High', 'is_high_fire_activity')","('fires_30day_level=High',)",0.2857,0.8824,2.5735
"('fires_30day_level=High', 'fires_7day_level=High')","('is_high_fire_activity',)",0.2857,1.0,2.2105
"('is_high_fire_activity',)","('fires_30day_level=High', 'has_active_fire')",0.319,0.7053,2.057
"('fires_30day_level=High',)","('has_active_fire', 'is_high_fire_activity')",0.319,0.9306,2.057
"('fires_30day_level=High', 'is_high_fire_activity')","('has_active_fire',)",0.319,1.0,1.0881
"('has_active_fire', 'is_high_fire_activity')","('fires_30day_level=High',)",0.319,0.7053,2.057
"('fires_30day_level=High', 'has_active_fire')","('is_high_fire_activity',)",0.319,0.9306,2.057
"('DEMAND.LOSS.MW_level=Medium', 'is_high_fire_activity')","('fires_30day_level=High',)",0.1762,0.8409,2.4527
"('DEMAND.LOSS.MW_level=Medium', 'fires_30day_level=High')","('is_high_fire_activity',)",0.1762,0.9737,2.1524
"('acres_30day_level=High',)","('acres_7day_level=High', 'fires_30day_level=High')",0.2,0.6,2.52
"('acres_7day_level=High',)","('acres_30day_level=High', 'fires_30day_level=High')",0.2,0.6,2.3774
"('acres_30day_level=High', 'fires_30day_level=High')","('acres_7day_level=High',)",0.2,0.7925,2.3774
"('acres_7day_level=High', 'fires_30day_level=High')","('acres_30day_level=High',)",0.2,0.84,2.52
"('acres_30day_level=High', 'acres_7day_level=High')","('fires_30day_level=High',)",0.2,0.7925,2.3113
"('acres_30day_level=High', 'fires_30day_level=High')","('max_frp_level=High',)",0.1762,0.6981,2.0943
"('fires_30day_level=High', 'max_frp_level=High')","('acres_30day_level=High',)",0.1762,0.8409,2.5227
"('acres_30day_level=High', 'max_frp_level=High')","('fires_30day_level=High',)",0.1762,0.8043,2.346
"('acres_30day_level=High',)","('CUSTOMERS.AFFECTED_level=Medium', 'fires_30day_level=High')",0.2,0.6,2.3774
"('CUSTOMERS.AFFECTED_level=Medium', 'fires_30day_level=High')","('acres_30day_level=High',)",0.2,0.7925,2.3774
"('CUSTOMERS.AFFECTED_level=Medium', 'acres_30day_level=High')","('fires_30day_level=High',)",0.2,0.75,2.1875
"('acres_30day_level=High', 'fires_30day_level=High')","('CUSTOMERS.AFFECTED_level=Medium',)",0.2,0.7925,1.1321
"('fires_30day_level=High',)","('acres_30day_level=High', 'is_wildfire_season')",0.2476,0.7222,2.4074
"('acres_30day_level=High',)","('fires_30day_level=High', 'is_wildfire_season')",0.2476,0.7429,2.2286
"('acres_30day_level=High', 'fires_30day_level=High')","('is_wildfire_season',)",0.2476,0.9811,2.0004
"('fires_30day_level=High', 'is_wildfire_season')","('acres_30day_level=High',)",0.2476,0.7429,2.2286
"('acres_30day_level=High', 'is_wildfire_season')","('fires_30day_level=High',)",0.2476,0.8254,2.4074
"('fires_30day_level=High',)","('acres_30day_level=High', 'fires_7day_level=High')",0.2143,0.625,2.6786
"('acres_30day_level=High',)","('fires_30day_level=High', 'fires_7day_level=High')",0.2143,0.6429,2.25
"('fires_7day_level=High',)","('acres_30day_level=High', 'fires_30day_level=High')",0.2143,0.6429,2.5472
"('acres_30day_level=High', 'fires_30day_level=High')","('fires_7day_level=High',)",0.2143,0.8491,2.5472
"('fires_30day_level=High', 'fires_7day_level=High')","('acres_30day_level=High',)",0.2143,0.75,2.25
"('acres_30day_level=High', 'fires_7day_level=High')","('fires_30day_level=High',)",0.2143,0.9184,2.6786
"('fires_30day_level=High',)","('acres_30day_level=High', 'has_active_fire')",0.2524,0.7361,2.2083
"('acres_30day_level=High',)","('fires_30day_level=High', 'has_active_fire')",0.2524,0.7571,2.2083
"('acres_30day_level=High', 'fires_30day_level=High')","('has_active_fire',)",0.2524,1.0,1.0881
"('fires_30day_level=High', 'has_active_fire')","('acres_30day_level=High',)",0.2524,0.7361,2.2083
"('acres_30day_level=High', 'has_active_fire')","('fires_30day_level=High',)",0.2524,0.7571,2.2083
"('OUTAGE.DURATION_level=Medium', 'fires_30day_level=High')","('has_active_fire',)",0.1476,1.0,1.0881
"('acres_7day_level=High', 'fires_30day_level=High')","('max_frp_level=High',)",0.1905,0.8,2.4
"('fires_30day_level=High', 'max_frp_level=High')","('acres_7day_level=High',)",0.1905,0.9091,2.7273
"('acres_7day_level=High', 'max_frp_level=High')","('fires_30day_level=High',)",0.1905,0.8163,2.381
"('CUSTOMERS.AFFECTED_level=Medium', 'fires_30day_level=High')","('acres_7day_level=High',)",0.1714,0.6792,2.0377
"('CUSTOMERS.AFFECTED_level=Medium', 'acres_7day_level=High')","('fires_30day_level=High',)",0.1714,0.6792,1.9811
"('acres_7day_level=High', 'fires_30day_level=High')","('CUSTOMERS.AFFECTED_level=Medium',)",0.1714,0.72,1.0286
"('fires_30day_level=High',)","('acres_7day_level=High', 'is_wildfire_season')",0.2333,0.6806,2.5521
"('acres_7day_level=High',)","('fires_30day_level=High', 'is_wildfire_season')",0.2333,0.7,2.1
"('acres_7day_level=High', 'fires_30day_level=High')","('is_wildfire_season',)",0.2333,0.98,1.9981
"('fires_30day_level=High', 'is_wildfire_season')","('acres_7day_level=High',)",0.2333,0.7,2.1
"('acres_7day_level=High', 'is_wildfire_season')","('fires_30day_level=High',)",0.2333,0.875,2.5521
"('fires_7day_level=High',)","('acres_7day_level=High', 'fires_30day_level=High')",0.2048,0.6143,2.58
"('acres_7day_level=High',)","('fires_30day_level=High', 'fires_7day_level=High')",0.2048,0.6143,2.15
"('fires_30day_level=High', 'fires_7day_level=High')","('acres_7day_level=High',)",0.2048,0.7167,2.15
"('acres_7day_level=High', 'fires_30day_level=High')","('fires_7day_level=High',)",0.2048,0.86,2.58
"('acres_7day_level=High', 'fires_7day_level=High')","('fires_30day_level=High',)",0.2048,0.8776,2.5595
"('fires_30day_level=High',)","('acres_7day_level=High', 'has_active_fire')",0.2381,0.6944,2.0833
"('acres_7day_level=High',)","('fires_30day_level=High', 'has_active_fire')",0.2381,0.7143,2.0833
"('fires_30day_level=High', 'has_active_fire')","('acres_7day_level=High',)",0.2381,0.6944,2.0833
"('acres_7day_level=High', 'fires_30day_level=High')","('has_active_fire',)",0.2381,1.0,1.0881
"('acres_7day_level=High', 'has_active_fire')","('fires_30day_level=High',)",0.2381,0.7143,2.0833
"('CUSTOMERS.AFFECTED_level=Medium', 'fires_30day_level=High')","('max_frp_level=High',)",0.1571,0.6226,1.8679
"('CUSTOMERS.AFFECTED_level=Medium', 'max_frp_level=High')","('fires_30day_level=High',)",0.1571,0.6111,1.7824
"('fires_30day_level=High', 'max_frp_level=High')","('CUSTOMERS.AFFECTED_level=Medium',)",0.1571,0.75,1.0714
"('fires_30day_level=High',)","('is_wildfire_season', 'max_frp_level=High')",0.2095,0.6111,2.3765
"('max_frp_level=High',)","('fires_30day_level=High', 'is_wildfire_season')",0.2095,0.6286,1.8857
"('fires_30day_level=High', 'max_frp_level=High')","('is_wildfire_season',)",0.2095,1.0,2.0388
"('fires_30day_level=High', 'is_wildfire_season')","('max_frp_level=High',)",0.2095,0.6286,1.8857
"('is_wildfire_season', 'max_frp_level=High')","('fires_30day_level=High',)",0.2095,0.8148,2.3765
"('fires_30day_level=High', 'fires_7day_level=High')","('max_frp_level=High',)",0.1762,0.6167,1.85
"('fires_30day_level=High', 'max_frp_level=High')","('fires_7day_level=High',)",0.1762,0.8409,2.5227
"('fires_7day_level=High', 'max_frp_level=High')","('fires_30day_level=High',)",0.1762,0.8605,2.5097
"('fires_30day_level=High',)","('has_active_fire', 'max_frp_level=High')",0.2095,0.6111,1.8333
"('max_frp_level=High',)","('fires_30day_level=High', 'has_active_fire')",0.2095,0.6286,1.8333
"('fires_30day_level=High', 'has_active_fire')","('max_frp_level=High',)",0.2095,0.6111,1.8333
"('fires_30day_level=High', 'max_frp_level=High')","('has_active_fire',)",0.2095,1.0,1.0881
"('has_active_fire', 'max_frp_level=High')","('fires_30day_level=High',)",0.2095,0.6286,1.8333
"('fires_30day_level=High',)","('CUSTOMERS.AFFECTED_level=Medium', 'is_wildfire_season')",0.2429,0.7083,2.1558
"('CUSTOMERS.AFFECTED_level=Medium', 'fires_30day_level=High')","('is_wildfire_season',)",0.2429,0.9623,1.9619
"('CUSTOMERS.AFFECTED_level=Medium', 'is_wildfire_season')","('fires_30day_level=High',)",0.2429,0.7391,2.1558
"('fires_30day_level=High', 'is_wildfire_season')","('CUSTOMERS.AFFECTED_level=Medium',)",0.2429,0.7286,1.0408
"('fires_7day_level=High',)","('CUSTOMERS.AFFECTED_level=Medium', 'fires_30day_level=High')",0.2048,0.6143,2.434
"('CUSTOMERS.AFFECTED_level=Medium', 'fires_30day_level=High')","('fires_7day_level=High',)",0.2048,0.8113,2.434
"('CUSTOMERS.AFFECTED_level=Medium', 'fires_7day_level=High')","('fires_30day_level=High',)",0.2048,0.9149,2.6684
"('fires_30day_level=High', 'fires_7day_level=High')","('CUSTOMERS.AFFECTED_level=Medium',)",0.2048,0.7167,1.0238
"('fires_30day_level=High',)","('CUSTOMERS.AFFECTED_level=Medium', 'has_active_fire')",0.2524,0.7361,1.1121
"('CUSTOMERS.AFFECTED_level=Medium', 'fires_30day_level=High')","('has_active_fire',)",0.2524,1.0,1.0881
"('fires_30day_level=High', 'has_active_fire')","('CUSTOMERS.AFFECTED_level=Medium',)",0.2524,0.7361,1.0516
"('DEMAND.LOSS.MW_level=Medium', 'fires_30day_level=High')","('CUSTOMERS.AFFECTED_level=Medium',)",0.1476,0.8158,1.1654
"('fires_30day_level=High',)","('fires_7day_level=High', 'is_wildfire_season')",0.2762,0.8056,2.7285
"('fires_7day_level=High',)","('fires_30day_level=High', 'is_wildfire_season')",0.2762,0.8286,2.4857
"('fires_30day_level=High', 'fires_7day_level=High')","('is_wildfire_season',)",0.2762,0.9667,1.9709
"('fires_30day_level=High', 'is_wildfire_season')","('fires_7day_level=High',)",0.2762,0.8286,2.4857
"('fires_7day_level=High', 'is_wildfire_season')","('fires_30day_level=High',)",0.2762,0.9355,2.7285
"('fires_30day_level=High',)","('has_active_fire', 'is_wildfire_season')",0.3333,0.9722,2.0215
"('is_wildfire_season',)","('fires_30day_level=High', 'has_active_fire')",0.3333,0.6796,1.9822
"('fires_30day_level=High', 'has_active_fire')","('is_wildfire_season',)",0.3333,0.9722,1.9822
"('fires_30day_level=High', 'is_wildfire_season')","('has_active_fire',)",0.3333,1.0,1.0881
"('has_active_fire', 'is_wildfire_season')","('fires_30day_level=High',)",0.3333,0.6931,2.0215
"('DEMAND.LOSS.MW_level=Medium', 'fires_30day_level=High')","('is_wildfire_season',)",0.1762,0.9737,1.9852
"('DEMAND.LOSS.MW_level=Medium', 'is_wildfire_season')","('fires_30day_level=High',)",0.1762,0.881,2.5694
"('fires_30day_level=High',)","('fires_7day_level=High', 'has_active_fire')",0.2857,0.8333,2.5
"('fires_7day_level=High',)","('fires_30day_level=High', 'has_active_fire')",0.2857,0.8571,2.5
"('fires_30day_level=High', 'fires_7day_level=High')","('has_active_fire',)",0.2857,1.0,1.0881
"('fires_30day_level=High', 'has_active_fire')","('fires_7day_level=High',)",0.2857,0.8333,2.5
"('fires_7day_level=High', 'has_active_fire')","('fires_30day_level=High',)",0.2857,0.8571,2.5
"('fires_30day_level=High', 'fires_7day_level=High')","('DEMAND.LOSS.MW_level=Medium',)",0.1714,0.6,1.7746
"('DEMAND.LOSS.MW_level=Medium', 'fires_30day_level=High')","('fires_7day_level=High',)",0.1714,0.9474,2.8421
"('DEMAND.LOSS.MW_level=Medium', 'fires_7day_level=High')","('fires_30day_level=High',)",0.1714,1.0,2.9167
"('DEMAND.LOSS.MW_level=Medium', 'fires_30day_level=High')","('has_active_fire',)",0.181,1.0,1.0881
"('acres_30day_level=High',)","('acres_7day_level=High', 'is_high_fire_activity')",0.2095,0.6286,2.3571
"('acres_7day_level=High',)","('acres_30day_level=High', 'is_high_fire_activity')",0.2095,0.6286,2.4
"('acres_30day_level=High', 'is_high_fire_activity')","('acres_7day_level=High',)",0.2095,0.8,2.4
"('acres_7day_level=High', 'is_high_fire_activity')","('acres_30day_level=High',)",0.2095,0.7857,2.3571
"('acres_30day_level=High', 'acres_7day_level=High')","('is_high_fire_activity',)",0.2095,0.8302,1.8352
"('acres_30day_level=High', 'is_high_fire_activity')","('max_frp_level=High',)",0.1905,0.7273,2.1818
"('is_high_fire_activity', 'max_frp_level=High')","('acres_30day_level=High',)",0.1905,0.7547,2.2642
"('acres_30day_level=High', 'max_frp_level=High')","('is_high_fire_activity',)",0.1905,0.8696,1.9222
"('acres_30day_level=High',)","('CUSTOMERS.AFFECTED_level=Medium', 'is_high_fire_activity')",0.2048,0.6143,2.0156
"('acres_30day_level=High', 'is_high_fire_activity')","('CUSTOMERS.AFFECTED_level=Medium',)",0.2048,0.7818,1.1169
"('CUSTOMERS.AFFECTED_level=Medium', 'is_high_fire_activity')","('acres_30day_level=High',)",0.2048,0.6719,2.0156
"('CUSTOMERS.AFFECTED_level=Medium', 'acres_30day_level=High')","('is_high_fire_activity',)",0.2048,0.7679,1.6974
"('acres_30day_level=High',)","('is_high_fire_activity', 'is_wildfire_season')",0.2429,0.7286,2.0132
"('is_high_fire_activity', 'is_wildfire_season')","('acres_30day_level=High',)",0.2429,0.6711,2.0132
"('acres_30day_level=High', 'is_high_fire_activity')","('is_wildfire_season',)",0.2429,0.9273,1.8906
"('acres_30day_level=High', 'is_wildfire_season')","('is_high_fire_activity',)",0.2429,0.8095,1.7895
"('acres_30day_level=High',)","('fires_7day_level=High', 'is_high_fire_activity')",0.2238,0.6714,2.0735
"('fires_7day_level=High',)","('acres_30day_level=High', 'is_high_fire_activity')",0.2238,0.6714,2.5636
"('acres_30day_level=High', 'is_high_fire_activity')","('fires_7day_level=High',)",0.2238,0.8545,2.5636
"('fires_7day_level=High', 'is_high_fire_activity')","('acres_30day_level=High',)",0.2238,0.6912,2.0735
"('acres_30day_level=High', 'fires_7day_level=High')","('is_high_fire_activity',)",0.2238,0.9592,2.1203
"('acres_30day_level=High',)","('has_active_fire', 'is_high_fire_activity')",0.2619,0.7857,1.7368
"('acres_30day_level=High', 'is_high_fire_activity')","('has_active_fire',)",0.2619,1.0,1.0881
"('acres_30day_level=High', 'has_active_fire')","('is_high_fire_activity',)",0.2619,0.7857,1.7368
"('OUTAGE.DURATION_level=Medium', 'is_high_fire_activity')","('CUSTOMERS.AFFECTED_level=Medium',)",0.1476,0.8158,1.1654
"('OUTAGE.DURATION_level=Medium', 'is_high_fire_activity')","('fires_7day_level=High',)",0.1524,0.8421,2.5263
"('OUTAGE.DURATION_level=Medium', 'fires_7day_level=High')","('is_high_fire_activity',)",0.1524,1.0,2.2105
"('OUTAGE.DURATION_level=Medium', 'is_high_fire_activity')","('has_active_fire',)",0.181,1.0,1.0881
"('acres_7day_level=High',)","('is_high_fire_activity', 'max_frp_level=High')",0.2095,0.6286,2.4906
"('max_frp_level=High',)","('acres_7day_level=High', 'is_high_fire_activity')",0.2095,0.6286,2.3571
"('acres_7day_level=High', 'is_high_fire_activity')","('max_frp_level=High',)",0.2095,0.7857,2.3571
"('is_high_fire_activity', 'max_frp_level=High')","('acres_7day_level=High',)",0.2095,0.8302,2.4906
"('acres_7day_level=High', 'max_frp_level=High')","('is_high_fire_activity',)",0.2095,0.898,1.985
"('acres_7day_level=High', 'is_high_fire_activity')","('CUSTOMERS.AFFECTED_level=Medium',)",0.1905,0.7143,1.0204
"('CUSTOMERS.AFFECTED_level=Medium', 'is_high_fire_activity')","('acres_7day_level=High',)",0.1905,0.625,1.875
"('CUSTOMERS.AFFECTED_level=Medium', 'acres_7day_level=High')","('is_high_fire_activity',)",0.1905,0.7547,1.6683
"('acres_7day_level=High',)","('is_high_fire_activity', 'is_wildfire_season')",0.2286,0.6857,1.8947
"('is_high_fire_activity', 'is_wildfire_season')","('acres_7day_level=High',)",0.2286,0.6316,1.8947
"('acres_7day_level=High', 'is_high_fire_activity')","('is_wildfire_season',)",0.2286,0.8571,1.7476
"('acres_7day_level=High', 'is_wildfire_season')","('is_high_fire_activity',)",0.2286,0.8571,1.8947
"('fires_7day_level=High',)","('acres_7day_level=High', 'is_high_fire_activity')",0.2238,0.6714,2.5179
"('acres_7day_level=High',)","('fires_7day_level=High', 'is_high_fire_activity')",0.2238,0.6714,2.0735
"('fires_7day_level=High', 'is_high_fire_activity')","('acres_7day_level=High',)",0.2238,0.6912,2.0735
"('acres_7day_level=High', 'is_high_fire_activity')","('fires_7day_level=High',)",0.2238,0.8393,2.5179
"('acres_7day_level=High', 'fires_7day_level=High')","('is_high_fire_activity',)",0.2238,0.9592,2.1203
"('acres_7day_level=High',)","('has_active_fire', 'is_high_fire_activity')",0.2667,0.8,1.7684
"('acres_7day_level=High', 'is_high_fire_activity')","('has_active_fire',)",0.2667,1.0,1.0881
"('acres_7day_level=High', 'has_active_fire')","('is_high_fire_activity',)",0.2667,0.8,1.7684
"('is_high_fire_activity', 'max_frp_level=High')","('CUSTOMERS.AFFECTED_level=Medium',)",0.1857,0.7358,1.0512
"('CUSTOMERS.AFFECTED_level=Medium', 'is_high_fire_activity')","('max_frp_level=High',)",0.1857,0.6094,1.8281
"('CUSTOMERS.AFFECTED_level=Medium', 'max_frp_level=High')","('is_high_fire_activity',)",0.1857,0.7222,1.5965
"('max_frp_level=High',)","('is_high_fire_activity', 'is_wildfire_season')",0.219,0.6571,1.8158
"('is_high_fire_activity', 'is_wildfire_season')","('max_frp_level=High',)",0.219,0.6053,1.8158
"('is_high_fire_activity', 'max_frp_level=High')","('is_wildfire_season',)",0.219,0.8679,1.7696
"('is_wildfire_season', 'max_frp_level=High')","('is_high_fire_activity',)",0.219,0.8519,1.883
"('fires_7day_level=High', 'is_high_fire_activity')","('max_frp_level=High',)",0.1952,0.6029,1.8088
"('is_high_fire_activity', 'max_frp_level=High')","('fires_7day_level=High',)",0.1952,0.7736,2.3208
"('fires_7day_level=High', 'max_frp_level=High')","('is_high_fire_activity',)",0.1952,0.9535,2.1077
"('max_frp_level=High',)","('has_active_fire', 'is_high_fire_activity')",0.2524,0.7571,1.6737
"('is_high_fire_activity', 'max_frp_level=High')","('has_active_fire',)",0.2524,1.0,1.0881
"('has_active_fire', 'max_frp_level=High')","('is_high_fire_activity',)",0.2524,0.7571,1.6737
"('is_high_fire_activity', 'is_wildfire_season')","('CUSTOMERS.AFFECTED_level=Medium',)",0.2429,0.6711,0.9586
"('CUSTOMERS.AFFECTED_level=Medium', 'is_high_fire_activity')","('is_wildfire_season',)",0.2429,0.7969,1.6247
"('CUSTOMERS.AFFECTED_level=Medium', 'is_wildfire_season')","('is_high_fire_activity',)",0.2429,0.7391,1.6339
"('fires_7day_level=High',)","('CUSTOMERS.AFFECTED_level=Medium', 'is_high_fire_activity')",0.219,0.6571,2.1562
"('fires_7day_level=High', 'is_high_fire_activity')","('CUSTOMERS.AFFECTED_level=Medium',)",0.219,0.6765,0.9664
"('CUSTOMERS.AFFECTED_level=Medium', 'is_high_fire_activity')","('fires_7day_level=High',)",0.219,0.7187,2.1562
"('CUSTOMERS.AFFECTED_level=Medium', 'fires_7day_level=High')","('is_high_fire_activity',)",0.219,0.9787,2.1635
"('is_high_fire_activity',)","('CUSTOMERS.AFFECTED_level=Medium', 'has_active_fire')",0.3048,0.6737,1.0178
"('has_active_fire', 'is_high_fire_activity')","('CUSTOMERS.AFFECTED_level=Medium',)",0.3048,0.6737,0.9624
"('CUSTOMERS.AFFECTED_level=Medium', 'is_high_fire_activity')","('has_active_fire',)",0.3048,1.0,1.0881
"('DEMAND.LOSS.MW_level=Medium', 'is_high_fire_activity')","('CUSTOMERS.AFFECTED_level=Medium',)",0.1667,0.7955,1.1364
"('is_high_fire_activity',)","('fires_7day_level=High', 'is_wildfire_season')",0.2857,0.6316,2.1392
"('fires_7day_level=High',)","('is_high_fire_activity', 'is_wildfire_season')",0.2857,0.8571,2.3684
"('is_high_fire_activity', 'is_wildfire_season')","('fires_7day_level=High',)",0.2857,0.7895,2.3684
"('fires_7day_level=High', 'is_high_fire_activity')","('is_wildfire_season',)",0.2857,0.8824,1.799
"('fires_7day_level=High', 'is_wildfire_season')","('is_high_fire_activity',)",0.2857,0.9677,2.1392
"('is_high_fire_activity',)","('has_active_fire', 'is_wildfire_season')",0.3619,0.8,1.6634
"('is_wildfire_season',)","('has_active_fire', 'is_high_fire_activity')",0.3619,0.7379,1.6311
"('is_high_fire_activity', 'is_wildfire_season')","('has_active_fire',)",0.3619,1.0,1.0881
"('has_active_fire', 'is_high_fire_activity')","('is_wildfire_season',)",0.3619,0.8,1.6311
"('has_active_fire', 'is_wildfire_season')","('is_high_fire_activity',)",0.3619,0.7525,1.6634
"('DEMAND.LOSS.MW_level=Medium', 'is_high_fire_activity')","('is_wildfire_season',)",0.181,0.8636,1.7608
"('DEMAND.LOSS.MW_level=Medium', 'is_wildfire_season')","('is_high_fire_activity',)",0.181,0.9048,2.0
"('is_high_fire_activity',)","('fires_7day_level=High', 'has_active_fire')",0.3238,0.7158,2.1474
"('fires_7day_level=High',)","('has_active_fire', 'is_high_fire_activity')",0.3238,0.9714,2.1474
"('fires_7day_level=High', 'is_high_fire_activity')","('has_active_fire',)",0.3238,1.0,1.0881
"('has_active_fire', 'is_high_fire_activity')","('fires_7day_level=High',)",0.3238,0.7158,2.1474
"('fires_7day_level=High', 'has_active_fire')","('is_high_fire_activity',)",0.3238,0.9714,2.1474
"('DEMAND.LOSS.MW_level=Medium', 'is_high_fire_activity')","('fires_7day_level=High',)",0.1714,0.8182,2.4545
"('DEMAND.LOSS.MW_level=Medium', 'fires_7day_level=High')","('is_high_fire_activity',)",0.1714,1.0,2.2105
"('DEMAND.LOSS.MW_level=Medium',)","('has_active_fire', 'is_high_fire_activity')",0.2095,0.6197,1.3699
"('DEMAND.LOSS.MW_level=Medium', 'is_high_fire_activity')","('has_active_fire',)",0.2095,1.0,1.0881
"('DEMAND.LOSS.MW_level=Medium', 'has_active_fire')","('is_high_fire_activity',)",0.2095,0.6197,1.3699
"('season=Fall',)","('CUSTOMERS.AFFECTED_level=Medium', 'is_wildfire_season')",0.1476,0.7209,2.1941
"('CUSTOMERS.AFFECTED_level=Medium', 'season=Fall')","('is_wildfire_season',)",0.1476,1.0,2.0388
"('is_wildfire_season', 'season=Fall')","('CUSTOMERS.AFFECTED_level=Medium',)",0.1476,0.7209,1.0299
"('season=Fall',)","('CUSTOMERS.AFFECTED_level=Medium', 'has_active_fire')",0.1476,0.7209,1.0892
"('CUSTOMERS.AFFECTED_level=Medium', 'season=Fall')","('has_active_fire',)",0.1476,1.0,1.0881
"('has_active_fire', 'season=Fall')","('CUSTOMERS.AFFECTED_level=Medium',)",0.1476,0.7561,1.0801
"('season=Fall',)","('has_active_fire', 'is_wildfire_season')",0.1952,0.9535,1.9825
"('has_active_fire', 'season=Fall')","('is_wildfire_season',)",0.1952,1.0,2.0388
"('is_wildfire_season', 'season=Fall')","('has_active_fire',)",0.1952,0.9535,1.0375
"('acres_30day_level=High',)","('acres_7day_level=High', 'max_frp_level=High')",0.2048,0.6143,2.6327
"('acres_7day_level=High',)","('acres_30day_level=High', 'max_frp_level=High')",0.2048,0.6143,2.8043
"('max_frp_level=High',)","('acres_30day_level=High', 'acres_7day_level=High')",0.2048,0.6143,2.434
"('acres_30day_level=High', 'acres_7day_level=High')","('max_frp_level=High',)",0.2048,0.8113,2.434
"('acres_30day_level=High', 'max_frp_level=High')","('acres_7day_level=High',)",0.2048,0.9348,2.8043
"('acres_7day_level=High', 'max_frp_level=High')","('acres_30day_level=High',)",0.2048,0.8776,2.6327
"('CUSTOMERS.AFFECTED_level=Medium', 'acres_30day_level=High')","('acres_7day_level=High',)",0.1952,0.7321,2.1964
"('CUSTOMERS.AFFECTED_level=Medium', 'acres_7day_level=High')","('acres_30day_level=High',)",0.1952,0.7736,2.3208
"('acres_30day_level=High', 'acres_7day_level=High')","('CUSTOMERS.AFFECTED_level=Medium',)",0.1952,0.7736,1.1051
"('acres_30day_level=High',)","('acres_7day_level=High', 'is_wildfire_season')",0.2333,0.7,2.625
"('acres_7day_level=High',)","('acres_30day_level=High', 'is_wildfire_season')",0.2333,0.7,2.3333
"('acres_30day_level=High', 'is_wildfire_season')","('acres_7day_level=High',)",0.2333,0.7778,2.3333
"('acres_7day_level=High', 'is_wildfire_season')","('acres_30day_level=High',)",0.2333,0.875,2.625
"('acres_30day_level=High', 'acres_7day_level=High')","('is_wildfire_season',)",0.2333,0.9245,1.885
"('acres_30day_level=High', 'acres_7day_level=High')","('fires_7day_level=High',)",0.1905,0.7547,2.2642
"('acres_30day_level=High', 'fires_7day_level=High')","('acres_7day_level=High',)",0.1905,0.8163,2.449
"('acres_7day_level=High', 'fires_7day_level=High')","('acres_30day_level=High',)",0.1905,0.8163,2.449
"('acres_30day_level=High',)","('acres_7day_level=High', 'has_active_fire')",0.2524,0.7571,2.2714
"('acres_7day_level=High',)","('acres_30day_level=High', 'has_active_fire')",0.2524,0.7571,2.2714
"('acres_30day_level=High', 'has_active_fire')","('acres_7day_level=High',)",0.2524,0.7571,2.2714
"('acres_30day_level=High', 'acres_7day_level=High')","('has_active_fire',)",0.2524,1.0,1.0881
"('acres_7day_level=High', 'has_active_fire')","('acres_30day_level=High',)",0.2524,0.7571,2.2714
"('CUSTOMERS.AFFECTED_level=Medium', 'acres_30day_level=High')","('max_frp_level=High',)",0.1714,0.6429,1.9286
"('CUSTOMERS.AFFECTED_level=Medium', 'max_frp_level=High')","('acres_30day_level=High',)",0.1714,0.6667,2.0
"('acres_30day_level=High', 'max_frp_level=High')","('CUSTOMERS.AFFECTED_level=Medium',)",0.1714,0.7826,1.118
"('acres_30day_level=High',)","('is_wildfire_season', 'max_frp_level=High')",0.2,0.6,2.3333
"('max_frp_level=High',)","('acres_30day_level=High', 'is_wildfire_season')",0.2,0.6,2.0
"('acres_30day_level=High', 'is_wildfire_season')","('max_frp_level=High',)",0.2,0.6667,2.0
"('is_wildfire_season', 'max_frp_level=High')","('acres_30day_level=High',)",0.2,0.7778,2.3333
"('acres_30day_level=High', 'max_frp_level=High')","('is_wildfire_season',)",0.2,0.913,1.8615
"('acres_30day_level=High', 'max_frp_level=High')","('fires_7day_level=High',)",0.1667,0.7609,2.2826
"('acres_30day_level=High', 'fires_7day_level=High')","('max_frp_level=High',)",0.1667,0.7143,2.1429
"('fires_7day_level=High', 'max_frp_level=High')","('acres_30day_level=High',)",0.1667,0.814,2.4419
"('acres_30day_level=High',)","('has_active_fire', 'max_frp_level=High')",0.219,0.6571,1.9714
"('max_frp_level=High',)","('acres_30day_level=High', 'has_active_fire')",0.219,0.6571,1.9714
"('acres_30day_level=High', 'has_active_fire')","('max_frp_level=High',)",0.219,0.6571,1.9714
"('acres_30day_level=High', 'max_frp_level=High')","('has_active_fire',)",0.219,1.0,1.0881
"('has_active_fire', 'max_frp_level=High')","('acres_30day_level=High',)",0.219,0.6571,1.9714
"('acres_30day_level=High',)","('CUSTOMERS.AFFECTED_level=Medium', 'is_wildfire_season')",0.2381,0.7143,2.1739
"('CUSTOMERS.AFFECTED_level=Medium', 'is_wildfire_season')","('acres_30day_level=High',)",0.2381,0.7246,2.1739
"('CUSTOMERS.AFFECTED_level=Medium', 'acres_30day_level=High')","('is_wildfire_season',)",0.2381,0.8929,1.8204
"('acres_30day_level=High', 'is_wildfire_season')","('CUSTOMERS.AFFECTED_level=Medium',)",0.2381,0.7937,1.1338
"('CUSTOMERS.AFFECTED_level=Medium', 'acres_30day_level=High')","('fires_7day_level=High',)",0.1762,0.6607,1.9821
"('CUSTOMERS.AFFECTED_level=Medium', 'fires_7day_level=High')","('acres_30day_level=High',)",0.1762,0.7872,2.3617
"('acres_30day_level=High', 'fires_7day_level=High')","('CUSTOMERS.AFFECTED_level=Medium',)",0.1762,0.7551,1.0787
"('acres_30day_level=High',)","('CUSTOMERS.AFFECTED_level=Medium', 'has_active_fire')",0.2667,0.8,1.2086
"('CUSTOMERS.AFFECTED_level=Medium', 'acres_30day_level=High')","('has_active_fire',)",0.2667,1.0,1.0881
"('acres_30day_level=High', 'has_active_fire')","('CUSTOMERS.AFFECTED_level=Medium',)",0.2667,0.8,1.1429
"('acres_30day_level=High',)","('fires_7day_level=High', 'is_wildfire_season')",0.219,0.6571,2.2258
"('fires_7day_level=High',)","('acres_30day_level=High', 'is_wildfire_season')",0.219,0.6571,2.1905
"('acres_30day_level=High', 'is_wildfire_season')","('fires_7day_level=High',)",0.219,0.7302,2.1905
"('fires_7day_level=High', 'is_wildfire_season')","('acres_30day_level=High',)",0.219,0.7419,2.2258
"('acres_30day_level=High', 'fires_7day_level=High')","('is_wildfire_season',)",0.219,0.9388,1.914
"('is_wildfire_season',)","('acres_30day_level=High', 'has_active_fire')",0.3,0.6117,1.835
"('acres_30day_level=High',)","('has_active_fire', 'is_wildfire_season')",0.3,0.9,1.8713
"('acres_30day_level=High', 'is_wildfire_season')","('has_active_fire',)",0.3,1.0,1.0881
"('has_active_fire', 'is_wildfire_season')","('acres_30day_level=High',)",0.3,0.6238,1.8713
"('acres_30day_level=High', 'has_active_fire')","('is_wildfire_season',)",0.3,0.9,1.835
"('acres_30day_level=High',)","('fires_7day_level=High', 'has_active_fire')",0.2333,0.7,2.1
"('fires_7day_level=High',)","('acres_30day_level=High', 'has_active_fire')",0.2333,0.7,2.1
"('acres_30day_level=High', 'has_active_fire')","('fires_7day_level=High',)",0.2333,0.7,2.1
"('acres_30day_level=High', 'fires_7day_level=High')","('has_active_fire',)",0.2333,1.0,1.0881
"('fires_7day_level=High', 'has_active_fire')","('acres_30day_level=High',)",0.2333,0.7,2.1
"('OUTAGE.DURATION_level=Medium', 'acres_7day_level=High')","('has_active_fire',)",0.1524,1.0,1.0881
"('OUTAGE.DURATION_level=Medium',)","('CUSTOMERS.AFFECTED_level=Medium', 'has_active_fire')",0.2381,0.7143,1.0791
"('CUSTOMERS.AFFECTED_level=Medium', 'OUTAGE.DURATION_level=Medium')","('has_active_fire',)",0.2381,0.9615,1.0462
"('OUTAGE.DURATION_level=Medium', 'has_active_fire')","('CUSTOMERS.AFFECTED_level=Medium',)",0.2381,0.7812,1.1161
"('OUTAGE.DURATION_level=Medium', 'is_wildfire_season')","('has_active_fire',)",0.1619,0.9714,1.057
"('OUTAGE.DURATION_level=Medium', 'fires_7day_level=High')","('has_active_fire',)",0.1524,1.0,1.0881
"('CUSTOMERS.AFFECTED_level=Medium', 'acres_7day_level=High')","('max_frp_level=High',)",0.1762,0.6981,2.0943
"('CUSTOMERS.AFFECTED_level=Medium', 'max_frp_level=High')","('acres_7day_level=High',)",0.1762,0.6852,2.0556
"('acres_7day_level=High', 'max_frp_level=High')","('CUSTOMERS.AFFECTED_level=Medium',)",0.1762,0.7551,1.0787
"('acres_7day_level=High',)","('is_wildfire_season', 'max_frp_level=High')",0.2095,0.6286,2.4444
"('max_frp_level=High',)","('acres_7day_level=High', 'is_wildfire_season')",0.2095,0.6286,2.3571
"('acres_7day_level=High', 'is_wildfire_season')","('max_frp_level=High',)",0.2095,0.7857,2.3571
"('is_wildfire_season', 'max_frp_level=High')","('acres_7day_level=High',)",0.2095,0.8148,2.4444
"('acres_7day_level=High', 'max_frp_level=High')","('is_wildfire_season',)",0.2095,0.898,1.8308
"('acres_7day_level=High', 'fires_7day_level=High')","('max_frp_level=High',)",0.1857,0.7959,2.3878
"('fires_7day_level=High', 'max_frp_level=High')","('acres_7day_level=High',)",0.1857,0.907,2.7209
"('acres_7day_level=High', 'max_frp_level=High')","('fires_7day_level=High',)",0.1857,0.7959,2.3878
"('acres_7day_level=High',)","('has_active_fire', 'max_frp_level=High')",0.2333,0.7,2.1
"('max_frp_level=High',)","('acres_7day_level=High', 'has_active_fire')",0.2333,0.7,2.1
"('acres_7day_level=High', 'has_active_fire')","('max_frp_level=High',)",0.2333,0.7,2.1
"('has_active_fire', 'max_frp_level=High')","('acres_7day_level=High',)",0.2333,0.7,2.1
"('acres_7day_level=High', 'max_frp_level=High')","('has_active_fire',)",0.2333,1.0,1.0881
"('CUSTOMERS.AFFECTED_level=Medium', 'acres_7day_level=High')","('is_wildfire_season',)",0.1952,0.7736,1.5772
"('acres_7day_level=High', 'is_wildfire_season')","('CUSTOMERS.AFFECTED_level=Medium',)",0.1952,0.7321,1.0459
"('CUSTOMERS.AFFECTED_level=Medium', 'fires_7day_level=High')","('acres_7day_level=High',)",0.1667,0.7447,2.234
"('CUSTOMERS.AFFECTED_level=Medium', 'acres_7day_level=High')","('fires_7day_level=High',)",0.1667,0.6604,1.9811
"('acres_7day_level=High', 'fires_7day_level=High')","('CUSTOMERS.AFFECTED_level=Medium',)",0.1667,0.7143,1.0204
"('acres_7day_level=High',)","('CUSTOMERS.AFFECTED_level=Medium', 'has_active_fire')",0.2524,0.7571,1.1439
"('CUSTOMERS.AFFECTED_level=Medium', 'acres_7day_level=High')","('has_active_fire',)",0.2524,1.0,1.0881
"('acres_7day_level=High', 'has_active_fire')","('CUSTOMERS.AFFECTED_level=Medium',)",0.2524,0.7571,1.0816
"('fires_7day_level=High',)","('acres_7day_level=High', 'is_wildfire_season')",0.2095,0.6286,2.3571
"('acres_7day_level=High',)","('fires_7day_level=High', 'is_wildfire_season')",0.2095,0.6286,2.129
"('fires_7day_level=High', 'is_wildfire_season')","('acres_7day_level=High',)",0.2095,0.7097,2.129
"('acres_7day_level=High', 'is_wildfire_season')","('fires_7day_level=High',)",0.2095,0.7857,2.3571
"('acres_7day_level=High', 'fires_7day_level=High')","('is_wildfire_season',)",0.2095,0.898,1.8308
"('acres_7day_level=High',)","('has_active_fire', 'is_wildfire_season')",0.2667,0.8,1.6634
"('acres_7day_level=High', 'is_wildfire_season')","('has_active_fire',)",0.2667,1.0,1.0881
"('acres_7day_level=High', 'has_active_fire')","('is_wildfire_season',)",0.2667,0.8,1.6311
"('fires_7day_level=High',)","('acres_7day_level=High', 'has_active_fire')",0.2333,0.7,2.1
"('acres_7day_level=High',)","('fires_7day_level=High', 'has_active_fire')",0.2333,0.7,2.1
"('fires_7day_level=High', 'has_active_fire')","('acres_7day_level=High',)",0.2333,0.7,2.1
"('acres_7day_level=High', 'fires_7day_level=High')","('has_active_fire',)",0.2333,1.0,1.0881
"('acres_7day_level=High', 'has_active_fire')","('fires_7day_level=High',)",0.2333,0.7,2.1
"('DEMAND.LOSS.MW_level=Medium', 'acres_7day_level=High')","('has_active_fire',)",0.1571,1.0,1.0881
"('CUSTOMERS.AFFECTED_level=Medium', 'max_frp_level=High')","('is_wildfire_season',)",0.1952,0.7593,1.548
"('is_wildfire_season', 'max_frp_level=High')","('CUSTOMERS.AFFECTED_level=Medium',)",0.1952,0.7593,1.0847
"('max_frp_level=High',)","('CUSTOMERS.AFFECTED_level=Medium', 'has_active_fire')",0.2571,0.7714,1.1655
"('CUSTOMERS.AFFECTED_level=Medium', 'max_frp_level=High')","('has_active_fire',)",0.2571,1.0,1.0881
"('has_active_fire', 'max_frp_level=High')","('CUSTOMERS.AFFECTED_level=Medium',)",0.2571,0.7714,1.102
"('fires_7day_level=High', 'is_wildfire_season')","('max_frp_level=High',)",0.1905,0.6452,1.9355
"('is_wildfire_season', 'max_frp_level=High')","('fires_7day_level=High',)",0.1905,0.7407,2.2222
"('fires_7day_level=High', 'max_frp_level=High')","('is_wildfire_season',)",0.1905,0.9302,1.8966
"('max_frp_level=High',)","('has_active_fire', 'is_wildfire_season')",0.2571,0.7714,1.604
"('is_wildfire_season', 'max_frp_level=High')","('has_active_fire',)",0.2571,1.0,1.0881
"('has_active_fire', 'max_frp_level=High')","('is_wildfire_season',)",0.2571,0.7714,1.5728
"('fires_7day_level=High',)","('has_active_fire', 'max_frp_level=High')",0.2048,0.6143,1.8429
"('max_frp_level=High',)","('fires_7day_level=High', 'has_active_fire')",0.2048,0.6143,1.8429
"('fires_7day_level=High', 'has_active_fire')","('max_frp_level=High',)",0.2048,0.6143,1.8429
"('fires_7day_level=High', 'max_frp_level=High')","('has_active_fire',)",0.2048,1.0,1.0881
"('has_active_fire', 'max_frp_level=High')","('fires_7day_level=High',)",0.2048,0.6143,1.8429
"('fires_7day_level=High',)","('CUSTOMERS.AFFECTED_level=Medium', 'is_wildfire_season')",0.2,0.6,1.8261
"('CUSTOMERS.AFFECTED_level=Medium', 'is_wildfire_season')","('fires_7day_level=High',)",0.2,0.6087,1.8261
"('CUSTOMERS.AFFECTED_level=Medium', 'fires_7day_level=High')","('is_wildfire_season',)",0.2,0.8936,1.8219
"('fires_7day_level=High', 'is_wildfire_season')","('CUSTOMERS.AFFECTED_level=Medium',)",0.2,0.6774,0.9677
"('is_wildfire_season',)","('CUSTOMERS.AFFECTED_level=Medium', 'has_active_fire')",0.3286,0.6699,1.0121
"('CUSTOMERS.AFFECTED_level=Medium', 'is_wildfire_season')","('has_active_fire',)",0.3286,1.0,1.0881
"('has_active_fire', 'is_wildfire_season')","('CUSTOMERS.AFFECTED_level=Medium',)",0.3286,0.6832,0.976
"('DEMAND.LOSS.MW_level=Medium', 'is_wildfire_season')","('CUSTOMERS.AFFECTED_level=Medium',)",0.1667,0.8333,1.1905
"('fires_7day_level=High',)","('CUSTOMERS.AFFECTED_level=Medium', 'has_active_fire')",0.2238,0.6714,1.0144
"('CUSTOMERS.AFFECTED_level=Medium', 'fires_7day_level=High')","('has_active_fire',)",0.2238,1.0,1.0881
"('fires_7day_level=High', 'has_active_fire')","('CUSTOMERS.AFFECTED_level=Medium',)",0.2238,0.6714,0.9592
"('DEMAND.LOSS.MW_level=Medium',)","('CUSTOMERS.AFFECTED_level=Medium', 'has_active_fire')",0.2905,0.8592,1.298
"('CUSTOMERS.AFFECTED_level=Medium', 'DEMAND.LOSS.MW_level=Medium')","('has_active_fire',)",0.2905,1.0,1.0881
"('DEMAND.LOSS.MW_level=Medium', 'has_active_fire')","('CUSTOMERS.AFFECTED_level=Medium',)",0.2905,0.8592,1.2274
"('is_wildfire_season',)","('fires_7day_level=High', 'has_active_fire')",0.2952,0.6019,1.8058
"('fires_7day_level=High',)","('has_active_fire', 'is_wildfire_season')",0.2952,0.8857,1.8416
"('fires_7day_level=High', 'is_wildfire_season')","('has_active_fire',)",0.2952,1.0,1.0881
"('has_active_fire', 'is_wildfire_season')","('fires_7day_level=High',)",0.2952,0.6139,1.8416
"('fires_7day_level=High', 'has_active_fire')","('is_wildfire_season',)",0.2952,0.8857,1.8058
"('DEMAND.LOSS.MW_level=Medium', 'is_wildfire_season')","('fires_7day_level=High',)",0.1667,0.8333,2.5
"('DEMAND.LOSS.MW_level=Medium', 'fires_7day_level=High')","('is_wildfire_season',)",0.1667,0.9722,1.9822
"('DEMAND.LOSS.MW_level=Medium', 'is_wildfire_season')","('has_active_fire',)",0.2,1.0,1.0881
"('DEMAND.LOSS.MW_level=Medium', 'fires_7day_level=High')","('has_active_fire',)",0.1714,1.0,1.0881
"('acres_30day_level=Medium',)","('CUSTOMERS.AFFECTED_level=Medium',)",0.2143,0.6429,0.9184
"('acres_30day_level=Medium',)","('has_active_fire',)",0.3143,0.9429,1.0259
"('acres_30day_level=Medium',)","('acres_7day_level=Medium',)",0.2048,0.6143,1.8169
"('acres_7day_level=Medium',)","('acres_30day_level=Medium',)",0.2048,0.6056,1.8169
"('fires_7day_level=Medium',)","('CUSTOMERS.AFFECTED_level=Medium',)",0.2524,0.7361,1.0516
"('CAUSE.CATEGORY=system operability disruption',)","('CUSTOMERS.AFFECTED_level=Medium',)",0.1619,0.8293,1.1847
"('season=Spring',)","('CUSTOMERS.AFFECTED_level=Medium',)",0.1619,0.7083,1.0119
"('acres_7day_level=Medium',)","('CUSTOMERS.AFFECTED_level=Medium',)",0.2143,0.6338,0.9054
"('DEMAND.LOSS.MW_level=High',)","('CUSTOMERS.AFFECTED_level=Medium',)",0.3,0.9,1.2857
"('fires_30day_level=Medium',)","('CUSTOMERS.AFFECTED_level=Medium',)",0.2238,0.6812,0.9731
"('fires_7day_level=Medium',)","('has_active_fire',)",0.3333,0.9722,1.0579
"('fires_30day_level=Medium',)","('fires_7day_level=Medium',)",0.2381,0.7246,2.1135
"('fires_7day_level=Medium',)","('fires_30day_level=Medium',)",0.2381,0.6944,2.1135
"('CAUSE.CATEGORY=system operability disruption',)","('has_active_fire',)",0.1762,0.9024,0.9819
"('season=Spring',)","('has_active_fire',)",0.2095,0.9167,0.9974
"('acres_7day_level=Medium',)","('has_active_fire',)",0.3333,0.9859,1.0728
"('OUTAGE.DURATION_level=Low',)","('has_active_fire',)",0.319,0.9571,1.0415
"('DEMAND.LOSS.MW_level=High',)","('has_active_fire',)",0.3095,0.9286,1.0104
"('fires_30day_level=Medium',)","('has_active_fire',)",0.3286,1.0,1.0881
"('acres_30day_level=Medium',)","('CUSTOMERS.AFFECTED_level=Medium', 'has_active_fire')",0.2095,0.6286,0.9496
"('CUSTOMERS.AFFECTED_level=Medium', 'acres_30day_level=Medium')","('has_active_fire',)",0.2095,0.9778,1.0639
"('acres_30day_level=Medium', 'has_active_fire')","('CUSTOMERS.AFFECTED_level=Medium',)",0.2095,0.6667,0.9524
"('acres_30day_level=Medium', 'fires_7day_level=Medium')","('has_active_fire',)",0.1857,1.0,1.0881
"('acres_30day_level=Medium', 'fires_30day_level=Medium')","('fires_7day_level=Medium',)",0.1571,0.825,2.4062
"('acres_30day_level=Medium', 'fires_7day_level=Medium')","('fires_30day_level=Medium',)",0.1571,0.8462,2.5753
"('fires_30day_level=Medium', 'fires_7day_level=Medium')","('acres_30day_level=Medium',)",0.1571,0.66,1.98
"('acres_30day_level=Medium',)","('acres_7day_level=Medium', 'has_active_fire')",0.2,0.6,1.8
"('acres_30day_level=Medium', 'has_active_fire')","('acres_7day_level=Medium',)",0.2,0.6364,1.8822
"('acres_30day_level=Medium', 'acres_7day_level=Medium')","('has_active_fire',)",0.2,0.9767,1.0628
"('acres_7day_level=Medium', 'has_active_fire')","('acres_30day_level=Medium',)",0.2,0.6,1.8
"('acres_30day_level=Medium', 'has_active_fire')","('fires_30day_level=Medium',)",0.1905,0.6061,1.8445
"('acres_30day_level=Medium', 'fires_30day_level=Medium')","('has_active_fire',)",0.1905,1.0,1.0881
"('fires_7day_level=Medium',)","('CUSTOMERS.AFFECTED_level=Medium', 'has_active_fire')",0.2429,0.7083,1.0701
"('CUSTOMERS.AFFECTED_level=Medium', 'fires_7day_level=Medium')","('has_active_fire',)",0.2429,0.9623,1.047
"('fires_7day_level=Medium', 'has_active_fire')","('CUSTOMERS.AFFECTED_level=Medium',)",0.2429,0.7286,1.0408
"('CUSTOMERS.AFFECTED_level=Medium', 'fires_30day_level=Medium')","('fires_7day_level=Medium',)",0.1667,0.7447,2.172
"('CUSTOMERS.AFFECTED_level=Medium', 'fires_7day_level=Medium')","('fires_30day_level=Medium',)",0.1667,0.6604,2.0098
"('fires_30day_level=Medium', 'fires_7day_level=Medium')","('CUSTOMERS.AFFECTED_level=Medium',)",0.1667,0.7,1.0
"('CAUSE.CATEGORY=system operability disruption',)","('CUSTOMERS.AFFECTED_level=Medium', 'has_active_fire')",0.1476,0.7561,1.1423
"('CAUSE.CATEGORY=system operability disruption', 'CUSTOMERS.AFFECTED_level=Medium')","('has_active_fire',)",0.1476,0.9118,0.9921
"('CAUSE.CATEGORY=system operability disruption', 'has_active_fire')","('CUSTOMERS.AFFECTED_level=Medium',)",0.1476,0.8378,1.1969
"('season=Spring',)","('CUSTOMERS.AFFECTED_level=Medium', 'has_active_fire')",0.1571,0.6875,1.0387
"('CUSTOMERS.AFFECTED_level=Medium', 'season=Spring')","('has_active_fire',)",0.1571,0.9706,1.0561
"('has_active_fire', 'season=Spring')","('CUSTOMERS.AFFECTED_level=Medium',)",0.1571,0.75,1.0714
"('acres_7day_level=Medium',)","('CUSTOMERS.AFFECTED_level=Medium', 'has_active_fire')",0.2143,0.6338,0.9575
"('CUSTOMERS.AFFECTED_level=Medium', 'acres_7day_level=Medium')","('has_active_fire',)",0.2143,1.0,1.0881
"('acres_7day_level=Medium', 'has_active_fire')","('CUSTOMERS.AFFECTED_level=Medium',)",0.2143,0.6429,0.9184
"('CUSTOMERS.AFFECTED_level=Medium', 'OUTAGE.DURATION_level=Low')","('has_active_fire',)",0.1905,0.9756,1.0615
"('DEMAND.LOSS.MW_level=High',)","('CUSTOMERS.AFFECTED_level=Medium', 'has_active_fire')",0.2762,0.8286,1.2518
"('CUSTOMERS.AFFECTED_level=Medium', 'DEMAND.LOSS.MW_level=High')","('has_active_fire',)",0.2762,0.9206,1.0017
"('DEMAND.LOSS.MW_level=High', 'has_active_fire')","('CUSTOMERS.AFFECTED_level=Medium',)",0.2762,0.8923,1.2747
"('fires_30day_level=Medium',)","('CUSTOMERS.AFFECTED_level=Medium', 'has_active_fire')",0.2238,0.6812,1.0291
"('CUSTOMERS.AFFECTED_level=Medium', 'fires_30day_level=Medium')","('has_active_fire',)",0.2238,1.0,1.0881
"('fires_30day_level=Medium', 'has_active_fire')","('CUSTOMERS.AFFECTED_level=Medium',)",0.2238,0.6812,0.9731
"('acres_7day_level=Medium', 'fires_7day_level=Medium')","('has_active_fire',)",0.1857,1.0,1.0881
"('fires_30day_level=Medium',)","('fires_7day_level=Medium', 'has_active_fire')",0.2381,0.7246,2.1739
"('fires_7day_level=Medium',)","('fires_30day_level=Medium', 'has_active_fire')",0.2381,0.6944,2.1135
"('fires_30day_level=Medium', 'has_active_fire')","('fires_7day_level=Medium',)",0.2381,0.7246,2.1135
"('fires_30day_level=Medium', 'fires_7day_level=Medium')","('has_active_fire',)",0.2381,1.0,1.0881
"('fires_7day_level=Medium', 'has_active_fire')","('fires_30day_level=Medium',)",0.2381,0.7143,2.1739
"('acres_7day_level=Medium', 'fires_30day_level=Medium')","('fires_7day_level=Medium',)",0.1524,0.8421,2.4561
"('fires_30day_level=Medium', 'fires_7day_level=Medium')","('acres_7day_level=Medium',)",0.1524,0.64,1.893
"('acres_7day_level=Medium', 'fires_7day_level=Medium')","('fires_30day_level=Medium',)",0.1524,0.8205,2.4972
"('OUTAGE.DURATION_level=Low', 'acres_7day_level=Medium')","('has_active_fire',)",0.1476,0.9687,1.0541
"('acres_7day_level=Medium', 'fires_30day_level=Medium')","('has_active_fire',)",0.181,1.0,1.0881
"('max_frp_level=Low',)","('CUSTOMERS.AFFECTED_level=Medium',)",0.2381,0.7143,1.0204
"('max_frp_level=Low',)","('has_active_fire',)",0.2667,0.8,0.8705
"('DEMAND.LOSS.MW_level=Low',)","('has_active_fire',)",0.2714,0.8261,0.8989
"('max_frp_level=Low',)","('CUSTOMERS.AFFECTED_level=Medium', 'has_active_fire')",0.2095,0.6286,0.9496
"('CUSTOMERS.AFFECTED_level=Medium', 'max_frp_level=Low')","('has_active_fire',)",0.2095,0.88,0.9575
"('has_active_fire', 'max_frp_level=Low')","('CUSTOMERS.AFFECTED_level=Medium',)",0.2095,0.7857,1.1224
"('is_high_severity',)","('CUSTOMERS.AFFECTED_level=Medium',)",0.319,0.8816,1.2594
"('is_high_severity',)","('has_active_fire',)",0.319,0.8816,0.9592
"('acres_30day_level=Medium', 'is_high_fire_activity')","('has_active_fire',)",0.1762,1.0,1.0881
"('acres_30day_level=Medium', 'is_wildfire_season')","('has_active_fire',)",0.1619,0.9444,1.0276
"('is_high_severity',)","('CUSTOMERS.AFFECTED_level=Medium', 'has_active_fire')",0.2905,0.8026,1.2126
"('has_active_fire', 'is_high_severity')","('CUSTOMERS.AFFECTED_level=Medium',)",0.2905,0.9104,1.3006
"('CUSTOMERS.AFFECTED_level=Medium', 'is_high_severity')","('has_active_fire',)",0.2905,0.9104,0.9906
"('DEMAND.LOSS.MW_level=High', 'is_high_severity')","('CUSTOMERS.AFFECTED_level=Medium',)",0.1571,0.8919,1.2741
"('is_high_severity', 'is_wildfire_season')","('has_active_fire',)",0.1476,0.9687,1.0541
"('DEMAND.LOSS.MW_level=High', 'is_high_severity')","('has_active_fire',)",0.1619,0.9189,0.9999
"('acres_7day_level=Medium', 'is_high_fire_activity')","('has_active_fire',)",0.1857,1.0,1.0881
"('fires_7day_level=Medium', 'is_wildfire_season')","('has_active_fire',)",0.1714,1.0,1.0881
"('acres_7day_level=Medium', 'is_wildfire_season')","('has_active_fire',)",0.2,1.0,1.0881
"('acres_7day_level=Medium', 'has_active_fire')","('is_wildfire_season',)",0.2,0.6,1.2233
"('fires_30day_level=Medium', 'is_wildfire_season')","('has_active_fire',)",0.1476,1.0,1.0881
"('season=Winter',)","('max_frp_level=Low',)",0.1762,0.6271,1.8814
"('max_frp_level=Low',)","('acres_7day_level=Low',)",0.2,0.6,1.8261
"('acres_7day_level=Low',)","('max_frp_level=Low',)",0.2,0.6087,1.8261
"('is_long_duration',)","('CUSTOMERS.AFFECTED_level=Medium',)",0.3,0.7975,1.1392
"('is_long_duration',)","('has_active_fire',)",0.3333,0.8861,0.9641
"('season=Winter',)","('is_long_duration',)",0.1714,0.6102,1.622
"('season=Winter',)","('CUSTOMERS.AFFECTED_level=Medium',)",0.2095,0.7458,1.0654
"('acres_7day_level=Low',)","('CUSTOMERS.AFFECTED_level=Medium',)",0.2333,0.7101,1.0145
"('season=Winter',)","('has_active_fire',)",0.2286,0.8136,0.8852
"('acres_7day_level=Low',)","('has_active_fire',)",0.2524,0.7681,0.8358
"('acres_7day_level=Low',)","('season=Winter',)",0.2238,0.6812,2.4245
"('season=Winter',)","('acres_7day_level=Low',)",0.2238,0.7966,2.4245
"('acres_7day_level=Low', 'max_frp_level=Low')","('season=Winter',)",0.1524,0.7619,2.7119
"('max_frp_level=Low', 'season=Winter')","('acres_7day_level=Low',)",0.1524,0.8649,2.6322
"('acres_7day_level=Low', 'season=Winter')","('max_frp_level=Low',)",0.1524,0.6809,2.0426
"('is_high_severity', 'is_long_duration')","('CUSTOMERS.AFFECTED_level=Medium',)",0.1857,0.907,1.2957
"('CUSTOMERS.AFFECTED_level=Medium', 'is_long_duration')","('is_high_severity',)",0.1857,0.619,1.7105
"('is_high_severity', 'is_long_duration')","('has_active_fire',)",0.1762,0.8605,0.9363
"('is_long_duration',)","('CUSTOMERS.AFFECTED_level=Medium', 'has_active_fire')",0.2714,0.7215,1.0901
"('CUSTOMERS.AFFECTED_level=Medium', 'is_long_duration')","('has_active_fire',)",0.2714,0.9048,0.9845
"('has_active_fire', 'is_long_duration')","('CUSTOMERS.AFFECTED_level=Medium',)",0.2714,0.8143,1.1633
"('CUSTOMERS.AFFECTED_level=Medium', 'season=Winter')","('is_long_duration',)",0.1524,0.7273,1.9333
"('is_long_duration', 'season=Winter')","('CUSTOMERS.AFFECTED_level=Medium',)",0.1524,0.8889,1.2698
"('season=Winter',)","('CUSTOMERS.AFFECTED_level=Medium', 'has_active_fire')",0.1762,0.6271,0.9474
"('CUSTOMERS.AFFECTED_level=Medium', 'season=Winter')","('has_active_fire',)",0.1762,0.8409,0.915
"('has_active_fire', 'season=Winter')","('CUSTOMERS.AFFECTED_level=Medium',)",0.1762,0.7708,1.1012
"('CUSTOMERS.AFFECTED_level=Medium', 'acres_7day_level=Low')","('has_active_fire',)",0.1952,0.8367,0.9104
"('acres_7day_level=Low', 'has_active_fire')","('CUSTOMERS.AFFECTED_level=Medium',)",0.1952,0.7736,1.1051
"('season=Winter',)","('CUSTOMERS.AFFECTED_level=Medium', 'acres_7day_level=Low')",0.1714,0.6102,2.615
"('CUSTOMERS.AFFECTED_level=Medium', 'acres_7day_level=Low')","('season=Winter',)",0.1714,0.7347,2.615
"('CUSTOMERS.AFFECTED_level=Medium', 'season=Winter')","('acres_7day_level=Low',)",0.1714,0.8182,2.4901
"('acres_7day_level=Low', 'season=Winter')","('CUSTOMERS.AFFECTED_level=Medium',)",0.1714,0.766,1.0942
"('season=Winter',)","('acres_7day_level=Low', 'has_active_fire')",0.1714,0.6102,2.4177
"('acres_7day_level=Low', 'has_active_fire')","('season=Winter',)",0.1714,0.6792,2.4177
"('has_active_fire', 'season=Winter')","('acres_7day_level=Low',)",0.1714,0.75,2.2826
"('acres_7day_level=Low', 'season=Winter')","('has_active_fire',)",0.1714,0.766,0.8334
"('OUTAGE.DURATION_level=High',)","('is_long_duration',)",0.3333,1.0,2.6582
"('is_long_duration',)","('OUTAGE.DURATION_level=High',)",0.3333,0.8861,2.6582
"('CUSTOMERS.AFFECTED_level=Low',)","('DEMAND.LOSS.MW_level=Low',)",0.219,0.7302,2.2222
"('DEMAND.LOSS.MW_level=Low',)","('CUSTOMERS.AFFECTED_level=Low',)",0.219,0.6667,2.2222
"('max_frp_level=Medium',)","('has_active_fire',)",0.319,0.9571,1.0415
"('CUSTOMERS.AFFECTED_level=Low',)","('has_active_fire',)",0.2571,0.8571,0.9326
"('OUTAGE.DURATION_level=High',)","('has_active_fire',)",0.2952,0.8857,0.9637
"('acres_30day_level=Medium', 'max_frp_level=Medium')","('has_active_fire',)",0.1524,1.0,1.0881
"('OUTAGE.DURATION_level=High',)","('has_active_fire', 'is_long_duration')",0.2952,0.8857,2.6571
"('is_long_duration',)","('OUTAGE.DURATION_level=High', 'has_active_fire')",0.2952,0.7848,2.6582
"('OUTAGE.DURATION_level=High', 'has_active_fire')","('is_long_duration',)",0.2952,1.0,2.6582
"('has_active_fire', 'is_long_duration')","('OUTAGE.DURATION_level=High',)",0.2952,0.8857,2.6571
"('OUTAGE.DURATION_level=High', 'is_long_duration')","('has_active_fire',)",0.2952,0.8857,0.9637
"('is_high_fire_activity', 'max_frp_level=Medium')","('has_active_fire',)",0.1619,1.0,1.0881
"('CUSTOMERS.AFFECTED_level=Low', 'is_high_fire_activity')","('has_active_fire',)",0.1476,1.0,1.0881
"('CUSTOMERS.AFFECTED_level=Low', 'has_active_fire')","('DEMAND.LOSS.MW_level=Low',)",0.1762,0.6852,2.0853
"('DEMAND.LOSS.MW_level=Low', 'has_active_fire')","('CUSTOMERS.AFFECTED_level=Low',)",0.1762,0.6491,2.1637
"('CUSTOMERS.AFFECTED_level=Low', 'DEMAND.LOSS.MW_level=Low')","('has_active_fire',)",0.1762,0.8043,0.8752
"('acres_7day_level=Medium', 'max_frp_level=Medium')","('has_active_fire',)",0.181,1.0,1.0881
"('max_frp_level=Low',)","('fires_30day_level=Low',)",0.2048,0.6143,1.8696
"('fires_30day_level=Low',)","('max_frp_level=Low',)",0.2048,0.6232,1.8696
"('fires_7day_level=Low',)","('max_frp_level=Low',)",0.2,0.6176,1.8529
"('max_frp_level=Low',)","('fires_7day_level=Low',)",0.2,0.6,1.8529
"('fires_30day_level=Low',)","('CUSTOMERS.AFFECTED_level=Medium',)",0.2238,0.6812,0.9731
"('fires_7day_level=Low',)","('CUSTOMERS.AFFECTED_level=Medium',)",0.2238,0.6912,0.9874
"('acres_30day_level=Low',)","('CUSTOMERS.AFFECTED_level=Medium',)",0.219,0.6571,0.9388
"('fires_30day_level=Low',)","('has_active_fire',)",0.2476,0.7536,0.82
"('fires_7day_level=Low',)","('has_active_fire',)",0.2524,0.7794,0.8481
"('acres_30day_level=Low',)","('has_active_fire',)",0.2714,0.8143,0.886
"('fires_30day_level=Low',)","('season=Winter',)",0.2238,0.6812,2.4245
"('season=Winter',)","('fires_30day_level=Low',)",0.2238,0.7966,2.4245
"('fires_7day_level=Low',)","('fires_30day_level=Low',)",0.281,0.8676,2.6407
"('fires_30day_level=Low',)","('fires_7day_level=Low',)",0.281,0.8551,2.6407
"('acres_30day_level=Low',)","('fires_30day_level=Low',)",0.2714,0.8143,2.4783
"('fires_30day_level=Low',)","('acres_30day_level=Low',)",0.2714,0.8261,2.4783
"('fires_30day_level=Low',)","('acres_7day_level=Low',)",0.2714,0.8261,2.5142
"('acres_7day_level=Low',)","('fires_30day_level=Low',)",0.2714,0.8261,2.5142
"('fires_7day_level=Low',)","('season=Winter',)",0.2143,0.6618,2.3554
"('season=Winter',)","('fires_7day_level=Low',)",0.2143,0.7627,2.3554
"('acres_30day_level=Low',)","('season=Winter',)",0.2095,0.6286,2.2373
"('season=Winter',)","('acres_30day_level=Low',)",0.2095,0.7458,2.2373
"('fires_7day_level=Low',)","('acres_30day_level=Low',)",0.2524,0.7794,2.3382
"('acres_30day_level=Low',)","('fires_7day_level=Low',)",0.2524,0.7571,2.3382
"('fires_7day_level=Low',)","('acres_7day_level=Low',)",0.2714,0.8382,2.5512
"('acres_7day_level=Low',)","('fires_7day_level=Low',)",0.2714,0.8261,2.5512
"('acres_30day_level=Low',)","('acres_7day_level=Low',)",0.2619,0.7857,2.3913
"('acres_7day_level=Low',)","('acres_30day_level=Low',)",0.2619,0.7971,2.3913
"('fires_7day_level=Low', 'max_frp_level=Low')","('fires_30day_level=Low',)",0.1905,0.9524,2.8986
"('fires_30day_level=Low', 'fires_7day_level=Low')","('max_frp_level=Low',)",0.1905,0.678,2.0339
"('fires_30day_level=Low', 'max_frp_level=Low')","('fires_7day_level=Low',)",0.1905,0.9302,2.8728
"('acres_30day_level=Low', 'max_frp_level=Low')","('fires_30day_level=Low',)",0.1714,0.9,2.7391
"('acres_30day_level=Low', 'fires_30day_level=Low')","('max_frp_level=Low',)",0.1714,0.6316,1.8947
"('fires_30day_level=Low', 'max_frp_level=Low')","('acres_30day_level=Low',)",0.1714,0.8372,2.5116
"('fires_30day_level=Low', 'max_frp_level=Low')","('acres_7day_level=Low',)",0.1714,0.8372,2.548
"('acres_7day_level=Low', 'max_frp_level=Low')","('fires_30day_level=Low',)",0.1714,0.8571,2.6087
"('acres_7day_level=Low', 'fires_30day_level=Low')","('max_frp_level=Low',)",0.1714,0.6316,1.8947
"('acres_30day_level=Low', 'fires_7day_level=Low')","('max_frp_level=Low',)",0.1571,0.6226,1.8679
"('fires_7day_level=Low', 'max_frp_level=Low')","('acres_30day_level=Low',)",0.1571,0.7857,2.3571
"('acres_30day_level=Low', 'max_frp_level=Low')","('fires_7day_level=Low',)",0.1571,0.825,2.5478
"('fires_7day_level=Low', 'max_frp_level=Low')","('acres_7day_level=Low',)",0.1619,0.8095,2.4638
"('acres_7day_level=Low', 'max_frp_level=Low')","('fires_7day_level=Low',)",0.1619,0.8095,2.5
"('acres_30day_level=Low', 'max_frp_level=Low')","('acres_7day_level=Low',)",0.1619,0.85,2.587
"('acres_30day_level=Low', 'acres_7day_level=Low')","('max_frp_level=Low',)",0.1619,0.6182,1.8545
"('acres_7day_level=Low', 'max_frp_level=Low')","('acres_30day_level=Low',)",0.1619,0.8095,2.4286
"('CUSTOMERS.AFFECTED_level=Medium', 'fires_30day_level=Low')","('has_active_fire',)",0.1857,0.8298,0.9029
"('fires_30day_level=Low', 'has_active_fire')","('CUSTOMERS.AFFECTED_level=Medium',)",0.1857,0.75,1.0714
"('fires_7day_level=Low',)","('CUSTOMERS.AFFECTED_level=Medium', 'has_active_fire')",0.1952,0.6029,0.9109
"('CUSTOMERS.AFFECTED_level=Medium', 'fires_7day_level=Low')","('has_active_fire',)",0.1952,0.8723,0.9492
"('fires_7day_level=Low', 'has_active_fire')","('CUSTOMERS.AFFECTED_level=Medium',)",0.1952,0.7736,1.1051
"('CUSTOMERS.AFFECTED_level=Medium', 'acres_30day_level=Low')","('has_active_fire',)",0.1857,0.8478,0.9225
"('acres_30day_level=Low', 'has_active_fire')","('CUSTOMERS.AFFECTED_level=Medium',)",0.1857,0.6842,0.9774
"('CUSTOMERS.AFFECTED_level=Medium', 'fires_30day_level=Low')","('season=Winter',)",0.1571,0.7021,2.4991
"('CUSTOMERS.AFFECTED_level=Medium', 'season=Winter')","('fires_30day_level=Low',)",0.1571,0.75,2.2826
"('fires_30day_level=Low', 'season=Winter')","('CUSTOMERS.AFFECTED_level=Medium',)",0.1571,0.7021,1.003
"('CUSTOMERS.AFFECTED_level=Medium', 'fires_7day_level=Low')","('fires_30day_level=Low',)",0.1857,0.8298,2.5254
"('CUSTOMERS.AFFECTED_level=Medium', 'fires_30day_level=Low')","('fires_7day_level=Low',)",0.1857,0.8298,2.5626
"('fires_30day_level=Low', 'fires_7day_level=Low')","('CUSTOMERS.AFFECTED_level=Medium',)",0.1857,0.661,0.9443
"('CUSTOMERS.AFFECTED_level=Medium', 'acres_30day_level=Low')","('fires_30day_level=Low',)",0.181,0.8261,2.5142
"('CUSTOMERS.AFFECTED_level=Medium', 'fires_30day_level=Low')","('acres_30day_level=Low',)",0.181,0.8085,2.4255
"('acres_30day_level=Low', 'fires_30day_level=Low')","('CUSTOMERS.AFFECTED_level=Medium',)",0.181,0.6667,0.9524
"('CUSTOMERS.AFFECTED_level=Medium', 'fires_30day_level=Low')","('acres_7day_level=Low',)",0.1857,0.8298,2.5254
"('CUSTOMERS.AFFECTED_level=Medium', 'acres_7day_level=Low')","('fires_30day_level=Low',)",0.1857,0.7959,2.4224
"('acres_7day_level=Low', 'fires_30day_level=Low')","('CUSTOMERS.AFFECTED_level=Medium',)",0.1857,0.6842,0.9774
"('CUSTOMERS.AFFECTED_level=Medium', 'fires_7day_level=Low')","('season=Winter',)",0.1524,0.6809,2.4234
"('CUSTOMERS.AFFECTED_level=Medium', 'season=Winter')","('fires_7day_level=Low',)",0.1524,0.7273,2.246
"('fires_7day_level=Low', 'season=Winter')","('CUSTOMERS.AFFECTED_level=Medium',)",0.1524,0.7111,1.0159
"('CUSTOMERS.AFFECTED_level=Medium', 'acres_30day_level=Low')","('fires_7day_level=Low',)",0.1714,0.7826,2.4169
"('CUSTOMERS.AFFECTED_level=Medium', 'fires_7day_level=Low')","('acres_30day_level=Low',)",0.1714,0.766,2.2979
"('acres_30day_level=Low', 'fires_7day_level=Low')","('CUSTOMERS.AFFECTED_level=Medium',)",0.1714,0.6792,0.9704
"('CUSTOMERS.AFFECTED_level=Medium', 'fires_7day_level=Low')","('acres_7day_level=Low',)",0.1905,0.8511,2.5902
"('CUSTOMERS.AFFECTED_level=Medium', 'acres_7day_level=Low')","('fires_7day_level=Low',)",0.1905,0.8163,2.521
"('acres_7day_level=Low', 'fires_7day_level=Low')","('CUSTOMERS.AFFECTED_level=Medium',)",0.1905,0.7018,1.0025
"('CUSTOMERS.AFFECTED_level=Medium', 'acres_30day_level=Low')","('acres_7day_level=Low',)",0.181,0.8261,2.5142
"('CUSTOMERS.AFFECTED_level=Medium', 'acres_7day_level=Low')","('acres_30day_level=Low',)",0.181,0.7755,2.3265
"('acres_30day_level=Low', 'acres_7day_level=Low')","('CUSTOMERS.AFFECTED_level=Medium',)",0.181,0.6909,0.987
"('season=Winter',)","('fires_30day_level=Low', 'has_active_fire')",0.1714,0.6102,2.4641
"('fires_30day_level=Low', 'has_active_fire')","('season=Winter',)",0.1714,0.6923,2.4641
"('has_active_fire', 'season=Winter')","('fires_30day_level=Low',)",0.1714,0.75,2.2826
"('fires_30day_level=Low', 'season=Winter')","('has_active_fire',)",0.1714,0.766,0.8334
"('fires_7day_level=Low',)","('fires_30day_level=Low', 'has_active_fire')",0.2095,0.6471,2.6131
"('fires_30day_level=Low',)","('fires_7day_level=Low', 'has_active_fire')",0.2095,0.6377,2.5267
"('fires_7day_level=Low', 'has_active_fire')","('fires_30day_level=Low',)",0.2095,0.8302,2.5267
"('fires_30day_level=Low', 'fires_7day_level=Low')","('has_active_fire',)",0.2095,0.7458,0.8115
"('fires_30day_level=Low', 'has_active_fire')","('fires_7day_level=Low',)",0.2095,0.8462,2.6131
"('acres_30day_level=Low',)","('fires_30day_level=Low', 'has_active_fire')",0.2095,0.6286,2.5385
"('fires_30day_level=Low',)","('acres_30day_level=Low', 'has_active_fire')",0.2095,0.6377,2.3494
"('acres_30day_level=Low', 'has_active_fire')","('fires_30day_level=Low',)",0.2095,0.7719,2.3494
"('acres_30day_level=Low', 'fires_30day_level=Low')","('has_active_fire',)",0.2095,0.7719,0.8399
"('fires_30day_level=Low', 'has_active_fire')","('acres_30day_level=Low',)",0.2095,0.8462,2.5385
"('fires_30day_level=Low', 'has_active_fire')","('acres_7day_level=Low',)",0.1952,0.7885,2.3997
"('acres_7day_level=Low', 'has_active_fire')","('fires_30day_level=Low',)",0.1952,0.7736,2.3544
"('acres_7day_level=Low', 'fires_30day_level=Low')","('has_active_fire',)",0.1952,0.7193,0.7827
"('season=Winter',)","('fires_7day_level=Low', 'has_active_fire')",0.1714,0.6102,2.4177
"('fires_7day_level=Low', 'has_active_fire')","('season=Winter',)",0.1714,0.6792,2.4177
"('fires_7day_level=Low', 'season=Winter')","('has_active_fire',)",0.1714,0.8,0.8705
"('has_active_fire', 'season=Winter')","('fires_7day_level=Low',)",0.1714,0.75,2.3162
"('acres_30day_level=Low', 'season=Winter')","('has_active_fire',)",0.1619,0.7727,0.8408
"('has_active_fire', 'season=Winter')","('acres_30day_level=Low',)",0.1619,0.7083,2.125
"('fires_7day_level=Low',)","('acres_30day_level=Low', 'has_active_fire')",0.2,0.6176,2.2755
"('acres_30day_level=Low',)","('fires_7day_level=Low', 'has_active_fire')",0.2,0.6,2.3774
"('acres_30day_level=Low', 'fires_7day_level=Low')","('has_active_fire',)",0.2,0.7925,0.8623
"('fires_7day_level=Low', 'has_active_fire')","('acres_30day_level=Low',)",0.2,0.7925,2.3774
"('acres_30day_level=Low', 'has_active_fire')","('fires_7day_level=Low',)",0.2,0.7368,2.2755
"('fires_7day_level=Low',)","('acres_7day_level=Low', 'has_active_fire')",0.2048,0.6324,2.5055
"('acres_7day_level=Low',)","('fires_7day_level=Low', 'has_active_fire')",0.2048,0.6232,2.4692
"('fires_7day_level=Low', 'has_active_fire')","('acres_7day_level=Low',)",0.2048,0.8113,2.4692
"('acres_7day_level=Low', 'fires_7day_level=Low')","('has_active_fire',)",0.2048,0.7544,0.8208
"('acres_7day_level=Low', 'has_active_fire')","('fires_7day_level=Low',)",0.2048,0.8113,2.5055
"('acres_30day_level=Low',)","('acres_7day_level=Low', 'has_active_fire')",0.2,0.6,2.3774
"('acres_7day_level=Low',)","('acres_30day_level=Low', 'has_active_fire')",0.2,0.6087,2.2426
"('acres_30day_level=Low', 'has_active_fire')","('acres_7day_level=Low',)",0.2,0.7368,2.2426
"('acres_30day_level=Low', 'acres_7day_level=Low')","('has_active_fire',)",0.2,0.7636,0.8309
"('acres_7day_level=Low', 'has_active_fire')","('acres_30day_level=Low',)",0.2,0.7925,2.3774
"('fires_7day_level=Low',)","('fires_30day_level=Low', 'season=Winter')",0.1952,0.6029,2.694
"('season=Winter',)","('fires_30day_level=Low', 'fires_7day_level=Low')",0.1952,0.6949,2.4734
"('fires_30day_level=Low', 'fires_7day_level=Low')","('season=Winter',)",0.1952,0.6949,2.4734
"('fires_7day_level=Low', 'season=Winter')","('fires_30day_level=Low',)",0.1952,0.9111,2.7729
"('fires_30day_level=Low', 'season=Winter')","('fires_7day_level=Low',)",0.1952,0.8723,2.694
"('season=Winter',)","('acres_30day_level=Low', 'fires_30day_level=Low')",0.1952,0.6949,2.5602
"('acres_30day_level=Low', 'fires_30day_level=Low')","('season=Winter',)",0.1952,0.7193,2.5602
"('acres_30day_level=Low', 'season=Winter')","('fires_30day_level=Low',)",0.1952,0.9318,2.836
"('fires_30day_level=Low', 'season=Winter')","('acres_30day_level=Low',)",0.1952,0.8723,2.617
"('season=Winter',)","('acres_7day_level=Low', 'fires_30day_level=Low')",0.1952,0.6949,2.5602
"('acres_7day_level=Low', 'fires_30day_level=Low')","('season=Winter',)",0.1952,0.7193,2.5602
"('fires_30day_level=Low', 'season=Winter')","('acres_7day_level=Low',)",0.1952,0.8723,2.6549
"('acres_7day_level=Low', 'season=Winter')","('fires_30day_level=Low',)",0.1952,0.8723,2.6549
"('fires_7day_level=Low',)","('acres_30day_level=Low', 'fires_30day_level=Low')",0.2333,0.7206,2.6548
"('acres_30day_level=Low',)","('fires_30day_level=Low', 'fires_7day_level=Low')",0.2333,0.7,2.4915
"('fires_30day_level=Low',)","('acres_30day_level=Low', 'fires_7day_level=Low')",0.2333,0.7101,2.8138
"('acres_30day_level=Low', 'fires_7day_level=Low')","('fires_30day_level=Low',)",0.2333,0.9245,2.8138
"('fires_30day_level=Low', 'fires_7day_level=Low')","('acres_30day_level=Low',)",0.2333,0.8305,2.4915
"('acres_30day_level=Low', 'fires_30day_level=Low')","('fires_7day_level=Low',)",0.2333,0.8596,2.6548
"('fires_7day_level=Low',)","('acres_7day_level=Low', 'fires_30day_level=Low')",0.2381,0.7353,2.709
"('fires_30day_level=Low',)","('acres_7day_level=Low', 'fires_7day_level=Low')",0.2381,0.7246,2.6697
"('acres_7day_level=Low',)","('fires_30day_level=Low', 'fires_7day_level=Low')",0.2381,0.7246,2.5792
"('fires_30day_level=Low', 'fires_7day_level=Low')","('acres_7day_level=Low',)",0.2381,0.8475,2.5792
"('acres_7day_level=Low', 'fires_7day_level=Low')","('fires_30day_level=Low',)",0.2381,0.8772,2.6697
"('acres_7day_level=Low', 'fires_30day_level=Low')","('fires_7day_level=Low',)",0.2381,0.8772,2.709
"('acres_30day_level=Low',)","('acres_7day_level=Low', 'fires_30day_level=Low')",0.2381,0.7143,2.6316
"('fires_30day_level=Low',)","('acres_30day_level=Low', 'acres_7day_level=Low')",0.2381,0.7246,2.7668
"('acres_7day_level=Low',)","('acres_30day_level=Low', 'fires_30day_level=Low')",0.2381,0.7246,2.6697
"('acres_30day_level=Low', 'fires_30day_level=Low')","('acres_7day_level=Low',)",0.2381,0.8772,2.6697
"('acres_30day_level=Low', 'acres_7day_level=Low')","('fires_30day_level=Low',)",0.2381,0.9091,2.7668
"('acres_7day_level=Low', 'fires_30day_level=Low')","('acres_30day_level=Low',)",0.2381,0.8772,2.6316
"('season=Winter',)","('acres_30day_level=Low', 'fires_7day_level=Low')",0.1857,0.661,2.6191
"('acres_30day_level=Low', 'fires_7day_level=Low')","('season=Winter',)",0.1857,0.7358,2.6191
"('fires_7day_level=Low', 'season=Winter')","('acres_30day_level=Low',)",0.1857,0.8667,2.6
"('acres_30day_level=Low', 'season=Winter')","('fires_7day_level=Low',)",0.1857,0.8864,2.7373
"('season=Winter',)","('acres_7day_level=Low', 'fires_7day_level=Low')",0.1905,0.678,2.4978
"('acres_7day_level=Low', 'fires_7day_level=Low')","('season=Winter',)",0.1905,0.7018,2.4978
"('fires_7day_level=Low', 'season=Winter')","('acres_7day_level=Low',)",0.1905,0.8889,2.7053
"('acres_7day_level=Low', 'season=Winter')","('fires_7day_level=Low',)",0.1905,0.8511,2.6283
"('season=Winter',)","('acres_30day_level=Low', 'acres_7day_level=Low')",0.1857,0.661,2.5239
"('acres_30day_level=Low', 'acres_7day_level=Low')","('season=Winter',)",0.1857,0.7091,2.5239
"('acres_30day_level=Low', 'season=Winter')","('acres_7day_level=Low',)",0.1857,0.8864,2.6976
"('acres_7day_level=Low', 'season=Winter')","('acres_30day_level=Low',)",0.1857,0.8298,2.4894
"('fires_7day_level=Low',)","('acres_30day_level=Low', 'acres_7day_level=Low')",0.219,0.6765,2.5829
"('acres_30day_level=Low',)","('acres_7day_level=Low', 'fires_7day_level=Low')",0.219,0.6571,2.4211
"('acres_7day_level=Low',)","('acres_30day_level=Low', 'fires_7day_level=Low')",0.219,0.6667,2.6415
"('acres_30day_level=Low', 'fires_7day_level=Low')","('acres_7day_level=Low',)",0.219,0.8679,2.6415
"('acres_7day_level=Low', 'fires_7day_level=Low')","('acres_30day_level=Low',)",0.219,0.807,2.4211
"('acres_30day_level=Low', 'acres_7day_level=Low')","('fires_7day_level=Low',)",0.219,0.8364,2.5829
"('season=Summer',)","('fires_30day_level=High',)",0.2619,0.9167,2.6736
"('fires_30day_level=High',)","('season=Summer',)",0.2619,0.7639,2.6736
"('season=Summer',)","('is_high_fire_activity',)",0.281,0.9833,2.1737
"('is_high_fire_activity',)","('season=Summer',)",0.281,0.6211,2.1737
"('season=Summer',)","('CUSTOMERS.AFFECTED_level=Medium',)",0.181,0.6333,0.9048
"('season=Summer',)","('acres_30day_level=High',)",0.1952,0.6833,2.05
"('season=Summer',)","('acres_7day_level=High',)",0.1857,0.65,1.95
"('season=Summer',)","('is_wildfire_season',)",0.2857,1.0,2.0388
"('season=Summer',)","('fires_7day_level=High',)",0.2571,0.9,2.7
"('fires_7day_level=High',)","('season=Summer',)",0.2571,0.7714,2.7
"('season=Summer',)","('has_active_fire',)",0.2857,1.0,1.0881
"('season=Summer',)","('fires_30day_level=High', 'is_high_fire_activity')",0.2571,0.9,2.8209
"('fires_30day_level=High',)","('is_high_fire_activity', 'season=Summer')",0.2571,0.75,2.6695
"('fires_30day_level=High', 'season=Summer')","('is_high_fire_activity',)",0.2571,0.9818,2.1703
"('is_high_fire_activity', 'season=Summer')","('fires_30day_level=High',)",0.2571,0.9153,2.6695
"('fires_30day_level=High', 'is_high_fire_activity')","('season=Summer',)",0.2571,0.806,2.8209
"('season=Summer',)","('CUSTOMERS.AFFECTED_level=Medium', 'fires_30day_level=High')",0.181,0.6333,2.5094
"('fires_30day_level=High', 'season=Summer')","('CUSTOMERS.AFFECTED_level=Medium',)",0.181,0.6909,0.987
"('CUSTOMERS.AFFECTED_level=Medium', 'season=Summer')","('fires_30day_level=High',)",0.181,1.0,2.9167
"('CUSTOMERS.AFFECTED_level=Medium', 'fires_30day_level=High')","('season=Summer',)",0.181,0.717,2.5094
"('season=Summer',)","('acres_30day_level=High', 'fires_30day_level=High')",0.1952,0.6833,2.7075
"('fires_30day_level=High', 'season=Summer')","('acres_30day_level=High',)",0.1952,0.7455,2.2364
"('acres_30day_level=High', 'season=Summer')","('fires_30day_level=High',)",0.1952,1.0,2.9167
"('acres_30day_level=High', 'fires_30day_level=High')","('season=Summer',)",0.1952,0.7736,2.7075
"('season=Summer',)","('acres_7day_level=High', 'fires_30day_level=High')",0.1857,0.65,2.73
"('fires_30day_level=High', 'season=Summer')","('acres_7day_level=High',)",0.1857,0.7091,2.1273
"('acres_7day_level=High', 'season=Summer')","('fires_30day_level=High',)",0.1857,1.0,2.9167
"('acres_7day_level=High', 'fires_30day_level=High')","('season=Summer',)",0.1857,0.78,2.73
"('fires_30day_level=High', 'season=Summer')","('max_frp_level=High',)",0.1571,0.6,1.8
"('max_frp_level=High', 'season=Summer')","('fires_30day_level=High',)",0.1571,0.9706,2.8309
"('fires_30day_level=High', 'max_frp_level=High')","('season=Summer',)",0.1571,0.75,2.625
"('season=Summer',)","('fires_30day_level=High', 'is_wildfire_season')",0.2619,0.9167,2.75
"('fires_30day_level=High',)","('is_wildfire_season', 'season=Summer')",0.2619,0.7639,2.6736
"('fires_30day_level=High', 'season=Summer')","('is_wildfire_season',)",0.2619,1.0,2.0388
"('is_wildfire_season', 'season=Summer')","('fires_30day_level=High',)",0.2619,0.9167,2.6736
"('fires_30day_level=High', 'is_wildfire_season')","('season=Summer',)",0.2619,0.7857,2.75
"('season=Summer',)","('fires_30day_level=High', 'fires_7day_level=High')",0.2476,0.8667,3.0333
"('fires_30day_level=High',)","('fires_7day_level=High', 'season=Summer')",0.2476,0.7222,2.8086
"('fires_7day_level=High',)","('fires_30day_level=High', 'season=Summer')",0.2476,0.7429,2.8364
"('fires_30day_level=High', 'season=Summer')","('fires_7day_level=High',)",0.2476,0.9455,2.8364
"('fires_7day_level=High', 'season=Summer')","('fires_30day_level=High',)",0.2476,0.963,2.8086
"('fires_30day_level=High', 'fires_7day_level=High')","('season=Summer',)",0.2476,0.8667,3.0333
"('season=Summer',)","('fires_30day_level=High', 'has_active_fire')",0.2619,0.9167,2.6736
"('fires_30day_level=High',)","('has_active_fire', 'season=Summer')",0.2619,0.7639,2.6736
"('fires_30day_level=High', 'season=Summer')","('has_active_fire',)",0.2619,1.0,1.0881
"('has_active_fire', 'season=Summer')","('fires_30day_level=High',)",0.2619,0.9167,2.6736
"('fires_30day_level=High', 'has_active_fire')","('season=Summer',)",0.2619,0.7639,2.6736
"('season=Summer',)","('CUSTOMERS.AFFECTED_level=Medium', 'is_high_fire_activity')",0.1762,0.6167,2.0234
"('is_high_fire_activity', 'season=Summer')","('CUSTOMERS.AFFECTED_level=Medium',)",0.1762,0.6271,0.8959
"('CUSTOMERS.AFFECTED_level=Medium', 'season=Summer')","('is_high_fire_activity',)",0.1762,0.9737,2.1524
"('season=Summer',)","('acres_30day_level=High', 'is_high_fire_activity')",0.1952,0.6833,2.6091
"('acres_30day_level=High', 'season=Summer')","('is_high_fire_activity',)",0.1952,1.0,2.2105
"('is_high_fire_activity', 'season=Summer')","('acres_30day_level=High',)",0.1952,0.6949,2.0847
"('acres_30day_level=High', 'is_high_fire_activity')","('season=Summer',)",0.1952,0.7455,2.6091
"('season=Summer',)","('acres_7day_level=High', 'is_high_fire_activity')",0.1857,0.65,2.4375
"('acres_7day_level=High', 'season=Summer')","('is_high_fire_activity',)",0.1857,1.0,2.2105
"('is_high_fire_activity', 'season=Summer')","('acres_7day_level=High',)",0.1857,0.661,1.9831
"('acres_7day_level=High', 'is_high_fire_activity')","('season=Summer',)",0.1857,0.6964,2.4375
"('max_frp_level=High', 'season=Summer')","('is_high_fire_activity',)",0.1571,0.9706,2.1455
"('is_high_fire_activity', 'max_frp_level=High')","('season=Summer',)",0.1571,0.6226,2.1792
"('season=Summer',)","('is_high_fire_activity', 'is_wildfire_season')",0.281,0.9833,2.7171
"('is_high_fire_activity',)","('is_wildfire_season', 'season=Summer')",0.281,0.6211,2.1737
"('is_wildfire_season', 'season=Summer')","('is_high_fire_activity',)",0.281,0.9833,2.1737
"('is_high_fire_activity', 'season=Summer')","('is_wildfire_season',)",0.281,1.0,2.0388
"('is_high_fire_activity', 'is_wildfire_season')","('season=Summer',)",0.281,0.7763,2.7171
"('season=Summer',)","('fires_7day_level=High', 'is_high_fire_activity')",0.2571,0.9,2.7794
"('fires_7day_level=High',)","('is_high_fire_activity', 'season=Summer')",0.2571,0.7714,2.7458
"('fires_7day_level=High', 'season=Summer')","('is_high_fire_activity',)",0.2571,1.0,2.2105
"('is_high_fire_activity', 'season=Summer')","('fires_7day_level=High',)",0.2571,0.9153,2.7458
"('fires_7day_level=High', 'is_high_fire_activity')","('season=Summer',)",0.2571,0.7941,2.7794
"('season=Summer',)","('has_active_fire', 'is_high_fire_activity')",0.281,0.9833,2.1737
"('is_high_fire_activity',)","('has_active_fire', 'season=Summer')",0.281,0.6211,2.1737
"('has_active_fire', 'season=Summer')","('is_high_fire_activity',)",0.281,0.9833,2.1737
"('is_high_fire_activity', 'season=Summer')","('has_active_fire',)",0.281,1.0,1.0881
"('has_active_fire', 'is_high_fire_activity')","('season=Summer',)",0.281,0.6211,2.1737
"('acres_30day_level=High', 'season=Summer')","('CUSTOMERS.AFFECTED_level=Medium',)",0.1476,0.7561,1.0801
"('CUSTOMERS.AFFECTED_level=Medium', 'season=Summer')","('acres_30day_level=High',)",0.1476,0.8158,2.4474
"('season=Summer',)","('CUSTOMERS.AFFECTED_level=Medium', 'is_wildfire_season')",0.181,0.6333,1.9275
"('is_wildfire_season', 'season=Summer')","('CUSTOMERS.AFFECTED_level=Medium',)",0.181,0.6333,0.9048
"('CUSTOMERS.AFFECTED_level=Medium', 'season=Summer')","('is_wildfire_season',)",0.181,1.0,2.0388
"('season=Summer',)","('CUSTOMERS.AFFECTED_level=Medium', 'fires_7day_level=High')",0.1714,0.6,2.6809
"('fires_7day_level=High', 'season=Summer')","('CUSTOMERS.AFFECTED_level=Medium',)",0.1714,0.6667,0.9524
"('CUSTOMERS.AFFECTED_level=Medium', 'season=Summer')","('fires_7day_level=High',)",0.1714,0.9474,2.8421
"('CUSTOMERS.AFFECTED_level=Medium', 'fires_7day_level=High')","('season=Summer',)",0.1714,0.766,2.6809
"('season=Summer',)","('CUSTOMERS.AFFECTED_level=Medium', 'has_active_fire')",0.181,0.6333,0.9568
"('has_active_fire', 'season=Summer')","('CUSTOMERS.AFFECTED_level=Medium',)",0.181,0.6333,0.9048
"('CUSTOMERS.AFFECTED_level=Medium', 'season=Summer')","('has_active_fire',)",0.181,1.0,1.0881
"('acres_30day_level=High', 'season=Summer')","('acres_7day_level=High',)",0.1524,0.7805,2.3415
"('acres_7day_level=High', 'season=Summer')","('acres_30day_level=High',)",0.1524,0.8205,2.4615
"('acres_30day_level=High', 'acres_7day_level=High')","('season=Summer',)",0.1524,0.6038,2.1132
"('season=Summer',)","('acres_30day_level=High', 'is_wildfire_season')",0.1952,0.6833,2.2778
"('is_wildfire_season', 'season=Summer')","('acres_30day_level=High',)",0.1952,0.6833,2.05
"('acres_30day_level=High', 'season=Summer')","('is_wildfire_season',)",0.1952,1.0,2.0388
"('acres_30day_level=High', 'is_wildfire_season')","('season=Summer',)",0.1952,0.6508,2.2778
"('season=Summer',)","('acres_30day_level=High', 'fires_7day_level=High')",0.1905,0.6667,2.8571
"('acres_30day_level=High', 'season=Summer')","('fires_7day_level=High',)",0.1905,0.9756,2.9268
"('fires_7day_level=High', 'season=Summer')","('acres_30day_level=High',)",0.1905,0.7407,2.2222
"('acres_30day_level=High', 'fires_7day_level=High')","('season=Summer',)",0.1905,0.8163,2.8571
"('season=Summer',)","('acres_30day_level=High', 'has_active_fire')",0.1952,0.6833,2.05
"('acres_30day_level=High', 'season=Summer')","('has_active_fire',)",0.1952,1.0,1.0881
"('has_active_fire', 'season=Summer')","('acres_30day_level=High',)",0.1952,0.6833,2.05
"('season=Summer',)","('acres_7day_level=High', 'is_wildfire_season')",0.1857,0.65,2.4375
"('is_wildfire_season', 'season=Summer')","('acres_7day_level=High',)",0.1857,0.65,1.95
"('acres_7day_level=High', 'season=Summer')","('is_wildfire_season',)",0.1857,1.0,2.0388
"('acres_7day_level=High', 'is_wildfire_season')","('season=Summer',)",0.1857,0.6964,2.4375
"('season=Summer',)","('acres_7day_level=High', 'fires_7day_level=High')",0.181,0.6333,2.7143
"('fires_7day_level=High', 'season=Summer')","('acres_7day_level=High',)",0.181,0.7037,2.1111
"('acres_7day_level=High', 'season=Summer')","('fires_7day_level=High',)",0.181,0.9744,2.9231
"('acres_7day_level=High', 'fires_7day_level=High')","('season=Summer',)",0.181,0.7755,2.7143
"('season=Summer',)","('acres_7day_level=High', 'has_active_fire')",0.1857,0.65,1.95
"('has_active_fire', 'season=Summer')","('acres_7day_level=High',)",0.1857,0.65,1.95
"('acres_7day_level=High', 'season=Summer')","('has_active_fire',)",0.1857,1.0,1.0881
"('max_frp_level=High', 'season=Summer')","('is_wildfire_season',)",0.1619,1.0,2.0388
"('is_wildfire_season', 'max_frp_level=High')","('season=Summer',)",0.1619,0.6296,2.2037
"('fires_7day_level=High', 'season=Summer')","('max_frp_level=High',)",0.1571,0.6111,1.8333
"('max_frp_level=High', 'season=Summer')","('fires_7day_level=High',)",0.1571,0.9706,2.9118
"('fires_7day_level=High', 'max_frp_level=High')","('season=Summer',)",0.1571,0.7674,2.686
"('max_frp_level=High', 'season=Summer')","('has_active_fire',)",0.1619,1.0,1.0881
"('season=Summer',)","('fires_7day_level=High', 'is_wildfire_season')",0.2571,0.9,3.0484
"('fires_7day_level=High',)","('is_wildfire_season', 'season=Summer')",0.2571,0.7714,2.7
"('is_wildfire_season', 'season=Summer')","('fires_7day_level=High',)",0.2571,0.9,2.7
"('fires_7day_level=High', 'season=Summer')","('is_wildfire_season',)",0.2571,1.0,2.0388
"('fires_7day_level=High', 'is_wildfire_season')","('season=Summer',)",0.2571,0.871,3.0484
"('season=Summer',)","('has_active_fire', 'is_wildfire_season')",0.2857,1.0,2.0792
"('is_wildfire_season', 'season=Summer')","('has_active_fire',)",0.2857,1.0,1.0881
"('has_active_fire', 'season=Summer')","('is_wildfire_season',)",0.2857,1.0,2.0388
"('season=Summer',)","('fires_7day_level=High', 'has_active_fire')",0.2571,0.9,2.7
"('fires_7day_level=High',)","('has_active_fire', 'season=Summer')",0.2571,0.7714,2.7
"('fires_7day_level=High', 'season=Summer')","('has_active_fire',)",0.2571,1.0,1.0881
"('has_active_fire', 'season=Summer')","('fires_7day_level=High',)",0.2571,0.9,2.7
"('fires_7day_level=High', 'has_active_fire')","('season=Summer',)",0.2571,0.7714,2.7
"('DEMAND.LOSS.MW_level=Medium', 'season=Summer')","('fires_30day_level=High',)",0.1476,1.0,2.9167
"('DEMAND.LOSS.MW_level=Medium', 'fires_30day_level=High')","('season=Summer',)",0.1476,0.8158,2.8553
"('DEMAND.LOSS.MW_level=Medium', 'season=Summer')","('is_high_fire_activity',)",0.1476,1.0,2.2105
"('DEMAND.LOSS.MW_level=Medium', 'is_high_fire_activity')","('season=Summer',)",0.1476,0.7045,2.4659
"('DEMAND.LOSS.MW_level=Medium', 'season=Summer')","('is_wildfire_season',)",0.1476,1.0,2.0388
"('DEMAND.LOSS.MW_level=Medium', 'is_wildfire_season')","('season=Summer',)",0.1476,0.7381,2.5833
"('DEMAND.LOSS.MW_level=Medium', 'season=Summer')","('has_active_fire',)",0.1476,1.0,1.0881
"('DEMAND.LOSS.MW_level=Medium', 'season=Summer')","('fires_7day_level=High',)",0.1476,1.0,3.0
"('DEMAND.LOSS.MW_level=Medium', 'fires_7day_level=High')","('season=Summer',)",0.1476,0.8611,3.0139
"('OUTAGE.DURATION_level=Low', 'is_high_fire_activity')","('is_wildfire_season',)",0.1524,0.8889,1.8123
"('OUTAGE.DURATION_level=Low', 'is_wildfire_season')","('is_high_fire_activity',)",0.1524,0.7805,1.7253
"('OUTAGE.DURATION_level=Low', 'is_high_fire_activity')","('has_active_fire',)",0.1714,1.0,1.0881
"('OUTAGE.DURATION_level=Low', 'is_wildfire_season')","('has_active_fire',)",0.1952,1.0,1.0881
"('OUTAGE.DURATION_level=Low', 'has_active_fire')","('is_wildfire_season',)",0.1952,0.6119,1.2476
"('CAUSE.CATEGORY=severe weather',)","('is_high_severity',)",0.2286,0.6857,1.8947
"('is_high_severity',)","('CAUSE.CATEGORY=severe weather',)",0.2286,0.6316,1.8947
"('CAUSE.CATEGORY=severe weather', 'is_high_severity')","('is_long_duration',)",0.1667,0.7292,1.9383
"('CAUSE.CATEGORY=severe weather', 'is_long_duration')","('is_high_severity',)",0.1667,0.8537,2.3588
"('is_high_severity', 'is_long_duration')","('CAUSE.CATEGORY=severe weather',)",0.1667,0.814,2.4419
"('CAUSE.CATEGORY=severe weather', 'CUSTOMERS.AFFECTED_level=Medium')","('is_long_duration',)",0.1667,0.625,1.6614
"('CAUSE.CATEGORY=severe weather', 'is_long_duration')","('CUSTOMERS.AFFECTED_level=Medium',)",0.1667,0.8537,1.2195
"('CAUSE.CATEGORY=severe weather', 'is_long_duration')","('has_active_fire',)",0.1667,0.8537,0.9289
"('CAUSE.CATEGORY=severe weather',)","('CUSTOMERS.AFFECTED_level=Medium', 'is_high_severity')",0.2048,0.6143,1.9254
"('CAUSE.CATEGORY=severe weather', 'is_high_severity')","('CUSTOMERS.AFFECTED_level=Medium',)",0.2048,0.8958,1.2798
"('CAUSE.CATEGORY=severe weather', 'CUSTOMERS.AFFECTED_level=Medium')","('is_high_severity',)",0.2048,0.7679,2.1217
"('CUSTOMERS.AFFECTED_level=Medium', 'is_high_severity')","('CAUSE.CATEGORY=severe weather',)",0.2048,0.6418,1.9254
"('CAUSE.CATEGORY=severe weather', 'is_high_severity')","('has_active_fire',)",0.1952,0.8542,0.9294
"('CAUSE.CATEGORY=severe weather', 'has_active_fire')","('is_high_severity',)",0.1952,0.6508,1.7982
"('has_active_fire', 'is_high_severity')","('CAUSE.CATEGORY=severe weather',)",0.1952,0.6119,1.8358
"('is_weekend',)","('has_active_fire',)",0.1762,0.925,1.0065
"('CAUSE.CATEGORY=severe weather', 'OUTAGE.DURATION_level=High')","('is_long_duration',)",0.1762,1.0,2.6582
"('CAUSE.CATEGORY=severe weather', 'is_long_duration')","('OUTAGE.DURATION_level=High',)",0.1762,0.9024,2.7073
"('CAUSE.CATEGORY=severe weather', 'OUTAGE.DURATION_level=High')","('has_active_fire',)",0.1524,0.8649,0.941
"('CUSTOMERS.AFFECTED_level=Low', 'is_wildfire_season')","('has_active_fire',)",0.1524,0.9412,1.0241
"('OUTAGE.DURATION_level=High', 'max_frp_level=Low')","('is_long_duration',)",0.1476,1.0,2.6582
"('is_long_duration', 'max_frp_level=Low')","('OUTAGE.DURATION_level=High',)",0.1476,0.9394,2.8182
"('OUTAGE.DURATION_level=High', 'is_high_severity')","('is_long_duration',)",0.181,1.0,2.6582
"('is_high_severity', 'is_long_duration')","('OUTAGE.DURATION_level=High',)",0.181,0.8837,2.6512
"('OUTAGE.DURATION_level=High', 'fires_30day_level=Low')","('is_long_duration',)",0.1476,1.0,2.6582
"('fires_30day_level=Low', 'is_long_duration')","('OUTAGE.DURATION_level=High',)",0.1476,0.9118,2.7353
"('OUTAGE.DURATION_level=High', 'season=Winter')","('is_long_duration',)",0.1571,1.0,2.6582
"('is_long_duration', 'season=Winter')","('OUTAGE.DURATION_level=High',)",0.1571,0.9167,2.75
"('OUTAGE.DURATION_level=High', 'acres_7day_level=Low')","('is_long_duration',)",0.1571,1.0,2.6582
"('acres_7day_level=Low', 'is_long_duration')","('OUTAGE.DURATION_level=High',)",0.1571,0.9167,2.75
"('OUTAGE.DURATION_level=High', 'is_high_severity')","('has_active_fire',)",0.1571,0.8684,0.9449
"('OUTAGE.DURATION_level=High',)","('CUSTOMERS.AFFECTED_level=Medium',)",0.2571,0.7714,1.102
"('CAUSE.CATEGORY=severe weather', 'is_high_severity')","('OUTAGE.DURATION_level=High',)",0.1524,0.6667,2.0
"('CAUSE.CATEGORY=severe weather', 'OUTAGE.DURATION_level=High')","('is_high_severity',)",0.1524,0.8649,2.3898
"('OUTAGE.DURATION_level=High', 'is_high_severity')","('CAUSE.CATEGORY=severe weather',)",0.1524,0.8421,2.5263
"('CAUSE.CATEGORY=severe weather', 'OUTAGE.DURATION_level=High')","('CUSTOMERS.AFFECTED_level=Medium',)",0.1476,0.8378,1.1969
"('CUSTOMERS.AFFECTED_level=Medium', 'fires_7day_level=Low')","('is_long_duration',)",0.1524,0.6809,1.8099
"('fires_7day_level=Low', 'is_long_duration')","('CUSTOMERS.AFFECTED_level=Medium',)",0.1524,0.8421,1.203
"('OUTAGE.DURATION_level=High',)","('CUSTOMERS.AFFECTED_level=Medium', 'is_long_duration')",0.2571,0.7714,2.5714
"('is_long_duration',)","('CUSTOMERS.AFFECTED_level=Medium', 'OUTAGE.DURATION_level=High')",0.2571,0.6835,2.6582
"('CUSTOMERS.AFFECTED_level=Medium', 'OUTAGE.DURATION_level=High')","('is_long_duration',)",0.2571,1.0,2.6582
"('CUSTOMERS.AFFECTED_level=Medium', 'is_long_duration')","('OUTAGE.DURATION_level=High',)",0.2571,0.8571,2.5714
"('OUTAGE.DURATION_level=High', 'is_long_duration')","('CUSTOMERS.AFFECTED_level=Medium',)",0.2571,0.7714,1.102
"('fires_7day_level=Low', 'is_long_duration')","('has_active_fire',)",0.1476,0.8158,0.8876
"('fires_7day_level=Low', 'is_long_duration')","('fires_30day_level=Low',)",0.1476,0.8158,2.4828
"('fires_30day_level=Low', 'is_long_duration')","('fires_7day_level=Low',)",0.1476,0.9118,2.8157
"('OUTAGE.DURATION_level=High', 'fires_7day_level=Low')","('is_long_duration',)",0.1714,1.0,2.6582
"('fires_7day_level=Low', 'is_long_duration')","('OUTAGE.DURATION_level=High',)",0.1714,0.9474,2.8421
"('OUTAGE.DURATION_level=High', 'is_high_severity')","('CUSTOMERS.AFFECTED_level=Medium',)",0.1619,0.8947,1.2782
"('CUSTOMERS.AFFECTED_level=Medium', 'OUTAGE.DURATION_level=High')","('is_high_severity',)",0.1619,0.6296,1.7398
"('OUTAGE.DURATION_level=High',)","('CUSTOMERS.AFFECTED_level=Medium', 'has_active_fire')",0.2333,0.7,1.0576
"('CUSTOMERS.AFFECTED_level=Medium', 'OUTAGE.DURATION_level=High')","('has_active_fire',)",0.2333,0.9074,0.9873
"('OUTAGE.DURATION_level=High', 'has_active_fire')","('CUSTOMERS.AFFECTED_level=Medium',)",0.2333,0.7903,1.129
"('max_frp_level=Medium',)","('CUSTOMERS.AFFECTED_level=Medium',)",0.2048,0.6143,0.8776
"('CUSTOMERS.AFFECTED_level=Medium', 'max_frp_level=Medium')","('has_active_fire',)",0.1952,0.9535,1.0375
"('has_active_fire', 'max_frp_level=Medium')","('CUSTOMERS.AFFECTED_level=Medium',)",0.1952,0.6119,0.8742
"('is_wildfire_season', 'max_frp_level=Medium')","('has_active_fire',)",0.1714,1.0,1.0881
"('fires_7day_level=Low', 'is_long_duration')","('acres_7day_level=Low',)",0.1524,0.8421,2.5629
"('acres_7day_level=Low', 'is_long_duration')","('fires_7day_level=Low',)",0.1524,0.8889,2.7451
"('OUTAGE.DURATION_level=High', 'fires_7day_level=Low')","('acres_7day_level=Low',)",0.1476,0.8611,2.6208
"('OUTAGE.DURATION_level=High', 'acres_7day_level=Low')","('fires_7day_level=Low',)",0.1476,0.9394,2.9011
